"","state","temp1900","temp1901","temp1902","temp1903","temp1904","temp1905","temp1906","temp1907","temp1908","temp1909","temp1910","temp1911","temp1912","temp1913","temp1914","temp1915","temp1916","temp1917","temp1918","temp1919","temp1920","temp1921","temp1922","temp1923","temp1924","temp1925","temp1926","temp1927","temp1928","temp1929","temp1930","temp1931","temp1932","temp1933","temp1934","temp1935","temp1936","temp1937","temp1938","temp1939","temp1940","temp1941","temp1942","temp1943","temp1944","temp1945","temp1946","temp1947","temp1948","temp1949","temp1950","temp1951","temp1952","temp1953","temp1954","temp1955","temp1956","temp1957","temp1958","temp1959","temp1960","temp1961","temp1962","temp1963","temp1964","temp1965","temp1966","temp1967","temp1968","temp1969","temp1970","temp1971","temp1972","temp1973","temp1974","temp1975","temp1976","temp1977","temp1978","temp1979","temp1980","temp1981","temp1982","temp1983","temp1984","temp1985","temp1986","temp1987","temp1988","temp1989","temp1990","temp1991","temp1992","temp1993","temp1994","temp1995","temp1996","temp1997","temp1998","temp1999","temp2000","temp2001","temp2002","temp2003","temp2004","temp2005","temp2006","temp2007","temp2008","temp2009","temp2010","temp2011","temp2012","temp2013","temp2014","temp2015","temp2016","temp2017","temp2018","temp2019","temp2020","temp2021","temp2022","temp2023","temp2024","temp2025"
"1","AK",32.05,34.1,22.05,29.15,31.2,33.06,29.1142857142857,24.1,28.3833333333333,21.36,29.7666666666667,27.74,35.125,31.82,27.975,29.6,33.6,30.5555555555556,29.82,30.4894736842105,30.1421052631579,29.19,28.1352941176471,31.5210526315789,30.6928571428571,29.647619047619,33.647619047619,27.2882352941176,30.4888888888889,33.05,29.1045454545455,30.0166666666667,27.7444444444444,28.5941176470588,31.8333333333333,31.1947368421053,30.6304347826087,31.7583333333333,29.856,27.7655172413793,32.77,31.6846153846154,32.6241379310345,32.5444444444444,32.3857142857143,29.8666666666667,27.9840909090909,29.1633333333333,26.7183333333333,28.4347826086957,28.35,27.8964912280702,28.7596774193548,29.3071428571429,27.0571428571429,27.0216666666667,24.689552238806,32.1861538461538,31.1566666666667,28.3451612903226,30.48125,27.6313432835821,30.8344827586207,30.7241379310345,26.6530612244898,28.3983870967742,26.8285714285714,29.6802631578947,28.7708333333333,30.1297297297297,29.0694444444444,25.725,26.5406779661017,27.3389830508475,27.9016129032258,25.9888888888889,29.0844827586207,30.7444444444444,32.8435483870968,31.4901639344262,30.1048387096774,33.7136363636364,28.7894736842105,30.6047619047619,31.0125,30.4758064516129,31.096875,32.7513157894737,31.2074626865672,30.4676923076923,30.0923076923077,30.409375,28.6342857142857,34.2763157894737,30.4855263157895,31.6189873417722,27.79625,30.68,31.138679245283,27.1271844660194,30.779,30.8724489795918,33.4347826086957,32.5054054054054,31.4095238095238,31.9767857142857,29.5992,30.9835714285714,27.9196078431373,29.5079545454545,30.7587301587302,29.417,26.8933701657459,30.3317919075145,32.2086294416244,31.4316091954023,33.4592783505155,30.7290697674419,31.5284916201117,33.7706467661692,29.5324607329843,28.1638418079096,30.7067484662577,30.4790697674419,30.4658064516129,NA
"2","AL",63.6375,61.1130434782609,63.7611111111111,62.5,63.0291666666667,62.6421052631579,63.37,63.8,64.1458333333333,63.9090909090909,62.5153846153846,65.4,62.4,64.3,62.7272727272727,63.612,63.5444444444444,62.1434782608696,64.3952380952381,64.1380952380952,62.52,66.325,65.7909090909091,63.8409090909091,62.8157894736842,65.716,63.5272727272727,65.9052631578947,62.9347826086957,64.0681818181818,63.5913043478261,64.4173913043478,64.7033333333333,65.6703703703704,64.2896551724138,64.7518518518519,64.9814814814815,63.8606060606061,65.327027027027,64.8909090909091,62.1103448275862,64.554054054054,63.5972222222222,64.1365853658537,64.6472222222222,64.7904761904762,64.790243902439,63.3238095238095,64.3424242424242,65.4595238095238,64.6192307692308,65.0038461538462,64.5,64.8444444444444,65.1636363636364,64.5225806451613,64.2184615384615,64.6869565217391,61.976,63.6671428571429,62.0144736842105,62.2295774647887,63.6230769230769,62.1686746987952,62.6933333333333,63.3763157894737,61.94,62.1,61.2831168831169,61.3256756756757,62.3525641025641,62.7753246753247,62.9338235294118,62.9828571428571,62.6315789473684,62.6774193548387,60.75,62.4436363636364,62.0277777777778,61.56,62.5156862745098,61.844,63.7081081081081,60.8906976744186,62.996,62.9816326530612,64.175,63.116,62.2369565217391,62.0571428571429,64.7079365079365,63.8811320754717,61.6980769230769,62.0254237288136,62.6365384615385,62.4740740740741,61.9375,62.1571428571429,64.7418181818182,64.0444444444444,63.426,62.8218181818182,63.5054545454545,62.4864406779661,63.1796610169492,63.1714285714286,64.0861538461538,64.0882352941177,62.1555555555556,62.3082352941176,62.2826086956522,63.5217391304348,64.652688172043,62.5425,61.6906976744186,64.3307692307692,65.1162162162162,64.6753846153846,64.2814285714286,64.9470588235294,64.1130434782609,63.8074626865672,63.2594594594595,64.9760563380282,65.0958904109589,NA
"3","AR",62.004347826087,60.2466666666667,60.3666666666667,59.2826086956522,61.04,59.9181818181818,60.0125,61.6347826086957,61.6681818181818,62.4238095238095,60.9392857142857,62.9379310344828,59.5206896551724,61.7478260869565,61.644,60.9173913043478,62.0357142857143,59.6413793103448,61.5208333333333,61.85,60.93,64.4758620689655,63.1607142857143,62.0923076923077,60.1344827586207,62.969696969697,61.5230769230769,63.2147058823529,61.1820512820513,60.9081081081081,62.0390243902439,62.9615384615385,62.2375,63.4081081081081,62.8846153846154,61.6555555555556,62.01875,61.14,63.9707317073171,62.7634615384615,59.465306122449,61.92,61.1666666666667,61.6134615384615,61.7788461538462,60.7071428571429,62.6980769230769,60.9884615384615,60.2224489795918,61.3181818181818,60.3647058823529,60.7967741935484,61.5392156862745,62.42,63.1771929824561,61.4867647058824,62.0127272727273,61.2265625,59.4616666666667,60.7261538461538,60.0223880597015,60.1806451612903,61.2397260273973,61.2597222222222,61.5066666666667,61.8974683544304,60.0318181818182,60.6715909090909,59.4977777777778,60.2955056179775,60.696511627907,61.2875,60.7820512820513,61.3191780821918,60.8857142857143,60.6379746835443,59.4410256410256,61.4946666666667,59.2555555555556,58.3590909090909,61.0147058823529,60.67875,60.4078125,59.3015384615385,60.4892307692308,60.2705882352941,62.0132352941176,61.6478260869565,60.28,59.4602941176471,62.5323943661972,61.81,60.064406779661,59.8782608695652,60.7120689655172,60.684375,59.8611940298507,59.9666666666667,63.3045454545455,62.4235294117647,60.6764705882353,61.1913043478261,60.5768115942029,60.1842857142857,60.8681818181818,61.8347826086957,61.915,61.7375,59.7507246376812,60.1014492753623,60.9776470588235,61.6022471910112,63.4744186046512,59.3670731707317,58.6632183908046,61.0340909090909,62.5926829268293,62.1975609756098,60.5333333333333,60.8311688311688,60.6772151898734,61.0670731707317,60.94,62.677027027027,63.1467741935484,NA
"4","AZ",60.8666666666667,64.04,60.6333333333333,61.1666666666667,60.3631578947368,61.3842105263158,61.4611111111111,63.0157894736842,63.0608695652174,60.6,64.0290322580645,60.9821428571429,58.7,59.5214285714286,61.3068965517241,59.6448275862069,61.04,59.275,60.5448275862069,60.8645161290323,60.8318181818182,61.4166666666667,59.9178571428571,60.0548387096774,60.14,61.0032258064516,61.9459459459459,61.0657142857143,61.5365853658537,61.3585365853659,61.2173913043478,61.9631578947368,60.4086956521739,62.3108695652174,65.5727272727273,60.7619047619048,62.0622222222222,61.6292682926829,61.605,61.5541666666667,63.178431372549,60.990625,60.7578947368421,62.6716981132075,59.9836363636364,61.2414634146341,61.4,62.2984848484848,61.253125,61.0634146341463,63.7931506849315,61.3348314606742,61.7880434782609,61.6387096774194,63.963,61.460396039604,61.9504504504504,62.8361904761905,63.3759259259259,62.9064220183486,61.2864406779661,61.3920634920635,62.2377952755905,61.9407692307692,60.3550387596899,61.1984126984127,61.2676691729323,61.6781512605042,60.850406504065,61.77734375,60.9007633587786,60.2894736842105,61.3213740458015,60.4674418604651,61.4592592592593,60.7,60.704347826087,62.1647540983607,61.9834862385321,60.9792792792793,62.9762376237624,63.4702702702703,62.4111111111111,61.7461538461538,63.056043956044,62.4705263157895,63.0084210526316,62.1623762376238,62.4216216216216,63.9111111111111,62.3112068965517,61.0008620689655,61.0148148148148,63.0587628865979,62.7688679245283,60.7430769230769,61.2016129032258,59.9103174603175,58.2920634920635,60.1575,59.5038167938931,60.025,59.8669064748201,60.4736111111111,59.6474074074074,59.5731034482759,58.6244444444444,58.9941605839416,57.6612403100775,59,58.0452830188679,58.7158469945355,59.843085106383,57.7109826589595,59.4962732919255,58.6975609756098,59.4586419753086,59.7836734693878,59.1363636363636,57.3842857142857,60.1485507246377,58.8108695652174,57.9684931506849,57.2664383561644,59.4496644295302,NA
"5","CA",57.5838709677419,58.19375,57.8230769230769,58.9763157894737,60.9191489361702,60.1490196078431,60.0857142857143,58.2677966101695,57.8123076923077,57.972602739726,59.2106666666667,56.3102564102564,56.1197674418605,57.9489361702128,59.2822784810127,58.2695238095238,56.7288659793814,58.1446601941748,58.2563636363636,57.2047619047619,57.7591304347826,58.6272727272727,57.7806722689076,58.2024,58.0362204724409,57.6957746478873,59.4888888888889,57.6598540145985,58.3182432432432,58.0014492753623,57.7328671328671,58.7673758865248,57.2422818791946,57.1345238095238,59.7467065868263,57.3438202247191,59.2583815028902,57.6794444444444,57.8589189189189,58.4149732620321,59.7516304347826,58.5398907103825,57.9720670391061,58.7684210526316,57.6372448979592,58.1185567010309,58.0556701030928,58.9030612244898,56.949696969697,57.8331753554502,59.8224299065421,58.5334821428571,58.7232456140351,58.7995495495495,59.3371900826446,58.255652173913,58.2759825327511,59.0925110132159,60.4141078838174,60.5075098814229,59.4375968992248,59.0836575875486,58.4496428571429,57.9960854092527,57.8956363636364,57.7259786476868,59.2109090909091,58.5255172413793,58.5171532846715,58.3875,58.7788194444444,57.3510714285714,58.4717054263566,58.4198237885463,58.6744939271255,57.2947368421053,59.0539419087137,59.4187772925764,59.1570093457944,59.2190476190476,59.204,60.196875,57.6740540540541,58.6694300518135,59.261421319797,58.3755681818182,59.8111731843575,59.4205714285714,59.5834285714286,58.6208530805687,58.8107981220657,58.1741935483871,59.0931726907631,59.0832512315271,57.3673835125448,58.0563176895307,58.4614649681529,57.9736842105263,56.3689045936396,57.2697142857143,58.0973333333333,58.302842377261,57.8864795918367,58.5218823529412,58.097963800905,57.6206650831354,57.507619047619,57.5808126410835,57.79448441247,57.8044843049327,56.7192743764172,56.7116997792495,58.6168831168831,58.5710743801653,60.6030303030303,60.0938123752495,58.9460721868365,59.1801282051282,58.9631130063966,57.4453125,59.560348583878,59.1377483443709,59.1779510022272,57.4322368421053,59.2247240618102,NA
"6","CO",48.9428571428571,48.7260869565217,48.295,46.7714285714286,48.38,45.6384615384615,48.1434782608696,47.1818181818182,45.84,46.1,48.1724137931034,45.771875,43.6147058823529,44.0209302325581,46.15,44.8888888888889,45.1933333333333,44.6282051282051,45.6108108108108,44.5871794871795,43.9311111111111,47.1355555555556,45.147619047619,43.6,44.46875,46.4121951219512,46.6833333333333,46.1404255319149,46.1292682926829,45.0783783783784,44.9583333333333,46.8346153846154,45.3211538461538,47.3918367346939,49.5821428571429,46.415625,46.1907407407407,45.7218181818182,46.7887096774194,47.5569230769231,46.9672131147541,46.3352112676056,45.3450704225352,46.985,44.7847058823529,45.0916666666667,46.0481012658228,45.0246913580247,44.3625,45.1526315789474,46.2047058823529,44.6233333333333,45.6044444444444,47.3087912087912,48.5172413793103,45.6311111111111,46.4698924731183,45.4340909090909,46.8722772277228,46.0263636363636,45.4100917431193,44.7733944954128,46.2081818181818,47.1342342342342,44.2198275862069,44.631007751938,45.1968253968254,45.3530769230769,44.1592307692308,45.3342857142857,45.1741935483871,44.5240601503759,44.9747747747748,43.6029702970297,44.9690265486726,44,45.5963963963964,46.7514563106796,44.6038834951456,43.9448979591837,46.3047619047619,47.5508928571429,44.027,44.7064814814815,44.031,44.5129032258065,46.2381443298969,45.2445454545455,44.9521008403361,45.3416,44.8682926829268,43.6637362637363,43.5762162162162,43.7395348837209,44.7279069767442,42.3485714285714,42.6123853211009,41.6531531531532,42.9783898305085,43.7357723577236,43.8587755102041,43.74,43.3958506224066,44.4634920634921,43.0722846441948,44.2459558823529,43.6767790262172,43.8543554006969,41.8047272727273,42.3344129554656,43.1838383838384,42.6809375,45.2895424836601,41.9782608695652,42.9754098360656,44.0076411960133,44.0023489932886,44.8866666666667,43.976897689769,42.0707006369427,43.8324840764331,44.325,42.6765306122449,42.5246056782334,44.2464285714286,NA
"7","CT",51.05,49.04,49.42,48.7857142857143,46.025,48.74,49.6833333333333,47.76,49.775,48.8875,49.3,49.4625,48.525,51.4666666666667,48.3571428571429,49.75,48.1285714285714,46.2666666666667,48.525,49.575,49.15,51.2714285714286,48.7444444444444,47.9,47.84,49.2888888888889,47.4333333333333,49.4888888888889,49.1444444444444,49.25,50.56,51.5666666666667,50.4454545454545,50.08,48.42,48.46,48.9,50.0818181818182,50.1,48.79,46.42,49.8,48.76,47.78,48.7111111111111,49.2642857142857,49.8533333333333,49.2933333333333,48.06,51.7363636363636,48.7333333333333,49.9611111111111,50.2411764705882,51.45,49.52,49.6307692307692,48.2307692307692,50.0666666666667,47.2761904761905,49.647619047619,48.4095238095238,48.7952380952381,47.1526315789474,47.7954545454545,48.5,48.2888888888889,48.395,47.77,48.2368421052632,48.41,48.42,49.0894736842105,48.04,50.70625,48.685,49.4052631578947,48.0947368421053,48.5866666666667,47.5333333333333,49.8823529411765,48.95,49.18125,48.6266666666667,50.2230769230769,49.1714285714286,48.9307692307692,48.7769230769231,49.4466666666667,49,48.3866666666667,52.01,51.2785714285714,47.8375,48.8692307692308,48.6285714285714,48.8142857142857,48.3785714285714,49.1363636363636,52.2888888888889,51.1,49.5666666666667,51.2545454545455,51.8083333333333,48.9769230769231,49.7,49.5727272727273,51.1272727272727,49.7411764705882,50.03125,48.4384615384615,51.1428571428571,50.6666666666667,52.2235294117647,49.6761904761905,48.5611111111111,49.83,51.7894736842105,50.9368421052632,50.3235294117647,49.4529411764706,51.6642857142857,51.5071428571429,50.9625,52.1733333333333,51.9866666666667,NA
"8","DE",54.9,54.05,54.6,53.7666666666667,51.925,54.3666666666667,55.7,53.075,54.9,55.075,54.88,55.88,54.62,57.18,54.65,55.62,54.5,52.3,54.68,55.7,54.26,57.4,55.56,54.9666666666667,53.44,55.9,53.8,55.24,54.9,55.7333333333333,56.04,57.14,56.1428571428571,56.3666666666667,54.7,54.6,54.975,55.4166666666667,56.76,56.6,52.86,55.54,55.26,55.14,54.9666666666667,55.525,56.0142857142857,54.5,54.4,57.1285714285714,53.975,54.75,55.44,56.4142857142857,55.2333333333333,55.1875,54.7571428571429,56,53.3,56.5333333333333,54.4111111111111,54.7888888888889,53.6444444444444,53.9888888888889,54.925,54.5636363636364,54.1222222222222,53.3125,54.7125,54.4,54.64,55.3222222222222,54.3333333333333,56.2857142857143,55.3,56.025,54.4333333333333,55.3111111111111,53.3375,54.4,54.8,54.4375,55.2714285714286,55.5,55.225,56.2,56.0857142857143,55.65,54.7571428571429,54.7714285714286,57.7142857142857,57.6333333333333,54.3833333333333,55.4,55.5333333333333,55.65,54.0333333333333,55.78,57.48,56.6714285714286,54.9,56.38,57.25,54.6,56.2,55.5666666666667,57.6,56.2375,56.6,55.28,56.72,57.1833333333333,58.65,56.15,55.025,56.5,57.6333333333333,57.35,57.5,57.025,57.24,57.18,56.35,57.7666666666667,57.84,NA
"9","FL",70.6222222222222,68.2105263157895,70.6785714285714,69.3444444444444,69.7666666666667,70.4730769230769,70.3619047619048,70.95,71.0545454545455,70.7583333333333,68.88125,72.1115384615385,71.4095238095238,71.1541666666667,69.9413793103448,69.795,70.8260869565217,69.9157894736842,70.9052631578947,71.2208333333333,69.7961538461538,71.824,72.312,71.5541666666667,70.1826086956522,71.3833333333333,70.6263157894737,72.3666666666667,70.2208333333333,71.5923076923077,69.71,70.5192307692308,72.05,72.0375,70.6757575757576,70.6212121212121,71.2105263157895,70.5975609756098,70.9975609756098,71.5558139534884,68.8763157894737,70.4365853658537,70.5479166666667,70.9363636363636,71.1836734693878,71.8916666666667,72.174,71.4245614035088,72.8489361702128,72.2087719298246,70.8508196721312,71.0138888888889,70.935,71.5463414634146,70.9817073170732,71.1821428571428,70.77375,71.9311688311688,69.9147727272727,71.7230769230769,70.2916666666667,70.9833333333333,70.7476744186046,70.2202127659574,71.2182926829268,71.0238095238095,69.9489583333333,71.0539325842697,69.5731707317073,70.1470588235294,70.6573333333333,71.3896103896104,71.7753424657534,71.1910447761194,71.7788732394366,71.9521739130435,69.8183098591549,70.24375,70.3611111111111,70.5802816901409,70.7760563380282,70.016,72.3835616438356,70.0628571428571,70.85,71.5597014925373,72.4084745762712,70.9754716981132,70.4769230769231,71.7455882352941,73.3544117647059,72.6794520547945,71.028125,71.125,72.4065789473684,71.435,70.6088235294118,72.3126984126984,73.1442857142857,72.054054054054,71.4819444444444,71.953164556962,72.4486486486486,72.1321428571429,71.7881578947368,71.5535714285714,72.0130841121495,72.6460784313725,72.0588235294118,72.2216494845361,70.1284403669725,72.7625,72.8155737704918,72.925,71.9169642857143,74.5894736842105,73.4932038834951,73.8477272727273,73.7545454545455,74.6546511627907,74.4258823529412,73.5252747252747,73.8506172839506,74.6294117647059,74.2447058823529,NA
"10","GA",63.5153846153846,62.12,63.6096774193548,62.7393939393939,62.2708333333333,63.2842105263158,63.9333333333333,64.085,64.1357142857143,63.9975,62.9818181818182,65.8129032258065,63.0060606060606,63.8617647058824,63.2866666666667,64.184375,63.8625,62.2725,64.7125,65.7379310344828,63.509375,66.1942857142857,65.775,64.5137931034483,62.8935483870968,65.67,63.941935483871,66.6828571428571,63.7272727272727,65.0323529411765,63.5365853658537,65.3157894736842,65.5977272727273,66.4526315789474,64.4405405405405,64.4309523809524,64.6472222222222,64.125,65.1531914893617,65.0716981132075,62.321568627451,64.5557692307692,63.5877551020408,64.1520833333333,64.0571428571429,64.8787234042553,65.4372093023256,63.7177777777778,64.8755102040816,65.2163934426229,64.2183333333333,64.7791044776119,64.8132352941176,64.9913043478261,65.2215384615385,64.3739130434783,64.6971830985916,64.741095890411,62.5884615384615,64.2525641025641,62.9723684210526,63.3620689655172,63.685393258427,62.3588235294118,62.9,63.6777777777778,62.1380434782609,62.9107142857143,62.0411764705882,61.9025974025974,63.3855263157895,63.474358974359,63.9014084507042,63.7135593220339,64.0758064516129,63.8827586206897,61.6444444444444,63.1421052631579,62.7870967741936,62.4939393939394,62.92,62.5307692307692,64.1898305084746,62.4038461538462,63.75,64.14,65.2781818181818,63.2351851851852,62.9436363636364,64.0982142857143,65.9333333333333,64.6927272727273,62.7683333333333,63.57,63.6339285714286,63.886,62.7785714285714,62.8436363636364,65.2053571428571,63.8531914893617,63.2403846153846,63.3796610169492,63.2790322580645,62.4266666666667,63.1890243902439,62.8348314606742,63.9314606741573,64.2449438202247,62.8060240963855,62.9258426966292,62.3979591836735,64.1182692307692,64.9324324324324,63.1329411764706,62.3837209302326,64.7975308641975,64.8125,64.8674157303371,63.7701149425287,64.9223404255319,64.0548780487805,63.5258823529412,63.4168674698795,64.6634146341463,64.8761194029851,NA
"11","HI",NA,NA,NA,NA,NA,70.1,70.2333333333333,71,70.45,70.3857142857143,70.7,70.5571428571428,68.9,70.6666666666667,70.25,72.1272727272727,70.46,70.0375,71.2833333333333,70.7,70.3222222222222,71.1666666666667,71.0875,70.6625,71.9333333333333,72.0571428571429,72.9875,72.38,72.15,72.4,72.2571428571429,72.44,71.2875,70.45,72.2125,72.2375,72.0571428571429,72.9,72.4,71.9,72.8285714285714,71.7375,72,72,71.06,71.4285714285714,71.175,71.0857142857143,70.4571428571429,69.5571428571428,69.87,69.3333333333333,68.3,70.02,69.29,65.5916666666667,69.96,69.175,68.0583333333333,69.4615384615385,69.5727272727273,67.03,67.5583333333333,66.9916666666667,66.6583333333333,67.1416666666667,66.6928571428572,67.0785714285714,69.1076923076923,69.1846153846154,66.4,66.6454545454545,66.33,65.8727272727273,68.94,67.87,67.15,69.1666666666667,68.1375,68.2375,69.9875,69,67.5777777777778,66.7636363636364,72.4428571428571,65.85,69,74.64,68.7285714285714,67.8142857142857,66.1142857142857,67.3777777777778,71.6714285714286,70.2166666666667,67.1,69.4333333333333,66.975,69.62,70.475,68.08,65.3909090909091,65.075,66.2454545454545,66.9916666666667,67.3142857142857,65.9538461538462,64.1230769230769,63.9583333333333,62.6,63.3,63.5266666666667,63.3307692307692,64.1909090909091,63.58,64.9333333333333,65.4076923076923,63.2545454545455,65.4285714285714,63.1636363636364,62.56,62.9,60.54,61.71,62.01,62.45,NA
"12","IA",49.3948275862069,48.8462962962963,47.6607142857143,47.1244897959184,46.3516129032258,47.1693548387097,48.7,47.4376811594203,49.5079365079365,47.6148648648649,48.6779411764706,49.475,46.3959459459459,49.8314285714286,49.4347826086956,47.9281690140845,47.4016666666667,45.1215384615385,49.4514705882353,48.931884057971,48.4036363636364,52.55,50.3528571428571,49.0242857142857,46.5114285714286,48.81625,48.3716417910448,48.912,49.4818181818182,46.312,50.1426666666667,53.0538461538462,48.0626373626374,50.5627659574468,51.3010752688172,48.4849462365591,48.3042553191489,47.2254901960784,50.9722222222222,50.9660714285714,47.7115384615385,50.9495412844037,48.7342592592593,47.8375,49.2519607843137,47.5743119266055,50.509375,48.7686274509804,48.9791208791209,49.0171428571429,45.9741176470588,45.5660194174757,49.0173469387755,50.3684210526316,50.7134615384615,49.2102803738318,49.4184466019417,48.6623853211009,48.0725663716814,47.9570247933884,47.1675213675214,47.7739130434783,47.5517543859649,48.8358974358974,49.6061946902655,47.6339285714286,47.5050847457627,47.75625,48.8378640776699,47.0939130434783,47.8907407407407,48.6018181818182,46.5621621621622,49.821568627451,48.6009345794393,48.1201834862385,48.2384615384615,49.1762886597938,46.2252525252525,45.9752577319588,48.7840425531915,49.8135416666667,46.8857142857143,48.4147368421053,48.4020618556701,46.6255102040816,49.2411764705882,51.8059405940594,49.2427272727273,47.0545454545455,49.79,48.9027027027027,48.0145631067961,46.0915887850467,47.8813725490196,47.5445544554455,45.5945652173913,47.2752475247525,50.9326923076923,49.6252336448598,48.6928571428571,49.025,49.2088235294118,47.9787878787879,48.5627450980392,49.6558823529412,50.4376146788991,48.9247787610619,45.8472222222222,46.7300970873786,48.0855769230769,48.2482142857143,51.9383928571429,46.5910891089109,45.4257731958763,49.2742857142857,50.7834951456311,49.9834951456311,47.393,46.8029702970297,48.9971962616822,49.9948453608247,47.3772277227723,50.347191011236,51.4912087912088,NA
"13","ID",47.5583333333333,48.0181818181818,46.54,44.89375,47.95,46.1866666666667,46.9941176470588,46.8619047619048,45.2769230769231,45.2481481481481,46.53125,45.1432432432432,44.9444444444444,45.8352941176471,47.0512195121951,47.5178571428571,43.4486486486486,44.571052631579,47.2441176470588,45.8,44.5975609756098,46.6046511627907,44.0170731707317,45.5775,44.8390243902439,47.7275,47.2425,45.9380952380952,46.3063829787234,44.7046511627907,45.5531914893617,46.436,44.19375,45.6285714285714,50.4254901960784,45.3821428571429,45.9684210526316,44.6606557377049,46.2016129032258,46.7223880597015,48.21,46.2525423728814,44.9454545454545,45.9046153846154,44.7706666666667,45.3833333333333,46.0630136986301,46.1060606060606,44.6157142857143,44.9119047619048,45.0227848101266,44.1255555555556,44.5191011235955,46.9123456790123,46.1084337349398,43.2461538461538,44.8686046511628,45.1364705882353,47.6417582417582,45.2571428571429,45.4663157894737,46.6949494949495,45.1357142857143,46.3434782608696,43.4011494252874,45.4845360824742,46.027358490566,46.4396226415094,45.021359223301,45.4945945945946,45.1694444444444,44.5877192982456,44.8740384615385,45.981914893617,45.8313725490196,44.175,45.1679245283019,46.1604395604396,45.40625,45.4360465116279,46.7380952380952,47.5322222222222,43.8478260869565,45.5369230769231,43.8581081081081,42.4783783783784,46.8775,46.5725274725275,46.5989583333333,44.2288461538462,44.5068376068376,44.7225806451613,46.2092857142857,42.8712643678161,44.822,42.7604651162791,42.2981132075472,42.2666666666667,43.3146341463415,43.2509202453988,42.8564417177914,43.4878453038674,42.4978835978836,44.9556701030928,43.9683673469388,43.3441176470588,44.0790476190476,44.5686567164179,42.5422885572139,42.6108910891089,43.2408071748879,42.2083333333333,45.0103139013453,43.348623853211,44.3281690140845,45.9692307692308,44.7103603603604,43.7740196078431,44.1811594202899,42.4320930232558,43.9200934579439,44.5743961352657,42.8805128205128,43.6753768844221,45.1267326732673,NA
"14","IL",53.7371428571429,52.0347826086957,51.7725490196078,51.3457627118644,50.0640625,51.5912280701754,52.5169491525424,51.7830188679245,53.3903846153846,52.2894736842105,52.201724137931,53.6431034482759,50.080701754386,54.0232142857143,53.1946428571429,51.4444444444444,52.4725490196078,49.7159090909091,52.5717391304348,53.3279069767442,52.5413043478261,56.368,54.425,53.4297872340425,50.8346153846154,53.3106382978723,51.5612244897959,53.3978723404255,52.4632653061225,51.0764705882353,53.654347826087,56.168085106383,53.5413043478261,55.18,54.6241379310345,52.6298245614035,53.2516666666667,51.9790322580645,55.4952380952381,54.584126984127,51.8246376811594,54.7985714285714,52.9492957746479,52.1594594594595,53.3864864864865,51.8643835616438,55.0875,52.7151898734177,52.4523076923077,53.4240506329114,50.4910256410256,50.7479452054795,53.5440476190476,54.6107142857143,54.2820512820513,53.31125,53.3345679012346,52.7729411764706,50.9658823529412,52.790243902439,51.3205128205128,52.2012195121951,51.8164705882353,51.5979166666667,53.2011363636364,52.9333333333333,51.6054945054945,51.5821052631579,52.17,51.3760416666667,52.2288659793814,53.0287234042553,51.210989010989,53.8896551724138,52.3127659574468,52.756043956044,50.9029702970297,51.9784090909091,49.9287356321839,49.8704545454545,51.4955056179775,52.1881188118812,51.1885714285714,52.2024691358025,52.1078947368421,50.7893333333333,52.8864864864865,54.2766233766234,51.8723404255319,50.2759493670886,53.6435897435897,53.6326086956522,52.0131313131313,50.7760869565217,51.9260416666667,51.4541666666667,49.7405940594059,50.419,54.9308411214953,53.0422018348624,51.7849056603774,52.7518181818182,52.6533898305085,51.1924528301887,52.1272727272727,53.3900900900901,53.6425,53.3531531531532,50.2990099009901,50.7935779816514,52.4517857142857,52.6621621621622,55.0192,50.4412844036697,48.7240740740741,52.0462264150943,53.9080808080808,53.6009708737864,51.6045454545455,51.287,52.6708333333333,53.2090909090909,51.2175257731959,53.8175257731959,54.9290322580645,NA
"15","IN",53.23,51.632,52.0821428571429,51.4571428571429,50.1733333333333,52.13,52.82,51.2151515151515,53.765,52.1026315789474,51.7255813953488,54.0833333333333,50.4279069767442,54.0818181818182,52.8318181818182,52.35,52.3875,49.1805555555556,52.5477272727273,53.8441176470588,51.5842105263158,56.1875,54.2648648648649,53.0658536585366,50.6641025641026,52.82,51.2367346938776,53.3387755102041,51.8549019607843,51.1963636363636,53.3741379310345,55.5016949152542,53.4017857142857,54.5966666666667,53.7754385964912,52.5152542372881,52.8454545454545,52.08,55.0559322033898,54.2,51.6227272727273,54.2615384615385,53.1283582089552,52.2202898550725,53.7757575757576,52.1076923076923,54.915625,52.1206349206349,53.1666666666667,54.1254237288136,51.0616666666667,51.4671052631579,53.4328767123288,54.1738461538462,53.9328571428571,53.072,53.072972972973,52.336231884058,50.2323943661972,52.5591549295775,50.6067567567568,51.4371794871795,50.9051282051282,49.99,52.3321428571429,51.9301204819277,50.566265060241,50.5878048780488,51.1935064935065,50.6077922077922,51.4524390243902,52.1675324675325,50.61875,53.4493150684931,51.5310810810811,52.5,50.5569230769231,51.3808219178082,49.4397058823529,49.5384615384615,50.772602739726,50.9333333333333,50.8034482758621,52.0089552238806,51.4514705882353,51.069696969697,52.5969696969697,53.3426229508197,51.4283333333333,50.3085714285714,53.3932432432432,53.7864864864865,51.1861111111111,50.7369230769231,51.5084507042254,51.6882352941176,49.963768115942,50.348,54.7292307692308,53.0162162162162,51.1571428571429,53.0430555555556,53.1391304347826,51.0516129032258,52.10625,52.9014925373134,53.2955223880597,52.8888888888889,50.7955223880597,50.9232876712329,52.3714285714286,53.0072289156627,55.075,51.0891891891892,49.527027027027,52.24125,54.2297297297297,53.7168831168831,52.5289473684211,52.2013513513513,53.3552631578947,53.665,52.1469696969697,54.1986111111111,55.0666666666667,NA
"16","KS",56.0931034482759,56.0125,54.209375,53.14,54.3111111111111,53.7108695652174,54.2717948717949,55.1860465116279,55.872,54.8254901960784,55.7508474576271,56.3177419354839,53.0406779661017,55.5868852459016,55.858064516129,53.9245614035088,54.1272727272727,53.3565217391304,55.3867924528302,54.1903846153846,54.6911111111111,58.1813953488372,55.9653846153846,55.2272727272727,53.0983606557377,55.8563636363636,55.5103448275862,55.2107142857143,55.722,53.6618181818182,55.6728813559322,57.6426229508197,54.891935483871,58.0180327868852,58.8884615384615,56.0508196721311,56.3050847457627,54.740350877193,58.0049180327869,57.8984375,54.5779411764706,56.2416666666667,55.0239436619718,55.5426470588235,55.1815384615385,54.6985507246377,57.780303030303,55.2694444444444,54.7235294117647,54.3461538461538,53.97,52.7530864197531,55.8472527472527,57.3287356321839,58.2824175824176,55.55,56.9378640776699,54.635,54.0990990990991,54.472972972973,53.6754901960784,53.614953271028,55.1441666666667,56.6285714285714,55.6360655737705,55.3094488188976,54.2488372093023,54.4859375,54.2214876033058,53.8684615384615,54.8253968253968,54.5396825396825,53.7852459016393,54.7857142857143,55.1035087719298,54.590756302521,54.801724137931,55.8761467889908,53.248275862069,52.7175438596491,55.5864864864865,56.0235294117647,53.3829545454545,53.5863157894737,54.4626506024096,52.8101265822785,56.6945652173913,56.0145833333333,55.3227722772277,53.5348623853211,55.9509615384615,56.1745098039216,54.418085106383,52.3,55.285046728972,53.95,53.1265306122449,53.7064814814815,56.3324324324324,55.8896226415094,55.3401960784314,55.9266666666667,55.0165048543689,54.9148148148148,54.9679245283019,55.7029411764706,56.5552,54.9963963963964,53.2806722689076,53.3652173913043,55.0611111111111,55.0828358208955,58.2124087591241,53.5912408759124,53.4756097560976,56.1368,57.0748031496063,56.3830508474576,54.47890625,53.8553719008264,55.5760683760684,56.1591666666667,55.1655172413793,56.5426086956522,57.592523364486,NA
"17","KY",57.496,54.95,56.3714285714286,55.5103448275862,55.24,55.8454545454545,56.428125,55.8275862068965,57.3870967741936,56.1962962962963,55.1333333333333,57.9333333333333,54.4709677419355,58.0068965517241,56.3214285714286,56.1032258064516,56.0111111111111,53.348,56.2035714285714,57.9192307692308,55.6107142857143,60.0931034482759,58.5666666666667,57.368,55.1225806451613,57.3222222222222,56.1785714285714,57.9193548387097,55.91875,55.9606060606061,57.48,59.2571428571429,57.7677419354839,58.5692307692308,57.6833333333333,56.9136363636364,57.0291666666667,56.2230769230769,58.85,58.05,55.115625,57.8666666666667,56.7676470588235,56.6724137931034,57.62,56.5117647058824,58.2285714285714,55.5,56.7607142857143,58.0342857142857,55.453125,56.218,57.7039215686275,58.1094339622641,58.0396226415094,56.9363636363636,57.072131147541,57.26,54.1564516129032,57.028125,54.6548387096774,55.4733333333333,55.5983050847458,54.4814285714286,56.5169491525424,56.3181818181818,54.5142857142857,55.07375,54.6626666666667,54.7369863013699,55.8067567567568,56.4058823529412,55.7371428571429,57.24,56.3029850746269,56.8915254237288,54.3206349206349,55.6724137931034,54.3207547169811,54.26,55.2728813559322,54.9196428571429,55.890243902439,55.5765957446809,55.7363636363636,55.468085106383,56.8454545454545,56.6729166666667,55.1377777777778,54.8588235294118,57.6765957446809,57.9239130434783,55.3170212765957,55.1363636363636,55.83,55.7738095238095,54.6090909090909,54.7404255319149,58.4155555555556,57.4276595744681,55.8422222222222,56.9948717948718,57.393023255814,55.4428571428571,56.8425531914894,57.0977777777778,57.15625,58.2108695652174,55.4482142857143,55.4535714285714,56.0518518518519,56.8339285714286,58.189552238806,54.9925373134328,54.4984375,56.6835820895522,57.9384615384615,57.90625,57.1276923076923,57.5953846153846,57.2112903225806,57.1375,56.3526315789474,58.1087719298246,58.918,NA
"18","LA",67.615,65.9416666666667,67.56,65.64375,66.912,66.5764705882353,67.4588235294118,68.7,68.085,67.7368421052632,67.2692307692308,69.7448275862069,66.1548387096774,66.7969696969697,66.7,67.0454545454545,67.5620689655172,65.7666666666667,67.24,67.9105263157895,66.47,70.0368421052632,69.0166666666667,67.4555555555555,66.6375,68.3809523809524,66.9285714285714,69.7947368421053,66.6458333333333,67.116,67.1269230769231,67.8066666666667,67.858064516129,69.6777777777778,68.1357142857143,68.4071428571429,67.3076923076923,67.0354838709677,68.5380952380952,68.5909090909091,65.3921052631579,67.6972972972973,66.8487179487179,67.1894736842105,67.8510638297872,67.6333333333333,68.1735294117647,66.90625,67.5609756097561,68.5242424242424,67.6325,67.6765957446809,67.2659574468085,67.8454545454545,68.0775510204082,67.6574074074074,67.6896551724138,67.7833333333333,65.5573770491803,66.54,65.8588235294118,65.4646153846154,66.9076923076923,66.2625,66.3095238095238,67.1677419354839,65.5203125,66.1932432432432,64.6845070422535,66.0223880597015,65.5,66.8338235294118,66.8893939393939,66.3672131147541,66.9430769230769,66.3258620689655,64.5734375,66.4941176470588,65.536231884058,64.8191176470588,66.595652173913,66.4972222222222,67.0424242424242,64.7909090909091,66.6271428571429,66.6470588235294,67.4985915492958,66.0369230769231,65.709375,65.5268656716418,67.930303030303,66.905,66.1206896551724,65.8044776119403,66.8947368421053,66.9610169491525,66.3070175438596,66.3262295081967,68.815873015873,68.0651515151515,67.4393939393939,66.7925373134328,66.8174603174603,66.3382352941177,67.4529411764706,67.6891304347826,67.6228571428571,67.1872727272727,66.4360655737705,66.9803278688525,66.4549295774648,67.9507692307692,68.9044776119403,66.421875,65.2262295081967,68.1684210526316,68.8785714285714,68.9586206896552,68.1816326530612,68.0537037037037,68.2725,67.8023255813954,67.5404255319149,69.95,69.5382978723404,NA
"19","MA",49.1409090909091,47.6583333333333,47.6736842105263,47.6913043478261,44.8115384615385,46.821875,48.125,46.2653846153846,49.0105263157895,48.3809523809524,48.508,48.408,47.6761904761905,50.3904761904762,47.6238095238095,48.99,47.4842105263158,45.65,47.6277777777778,49.1,47.7,49.9714285714286,49.1857142857143,47.7666666666667,47.2833333333333,48.6785714285714,46.375,48.9333333333333,48.9647058823529,48.9375,49.7333333333333,50.7210526315789,49.3454545454545,48.9583333333333,47.8166666666667,47.892,48.1791666666667,49.4038461538462,49.5655172413793,48.2296296296296,46.5115384615385,49.1291666666667,48.4535714285714,47.4966666666667,48.4,48.5571428571429,49.4791666666667,48.858064516129,48.624,51.22,48.4806451612903,49.3970588235294,49.7805555555556,50.8487179487179,48.8414634146341,48.815,47.7282051282051,49.7108108108108,47.1717948717949,49.55,48.1,48.2244444444444,46.5073170731707,47.5565217391304,47.746511627907,47.2644444444444,48.0888888888889,46.954347826087,47.3475,48.08,47.5066666666667,47.6409090909091,46.5904761904762,49.6756097560976,47.7024390243902,48.6190476190476,47.3435897435897,47.8138888888889,46.4382352941176,48.5911764705882,47.330303030303,47.7416666666667,47.5121212121212,49.184375,48.5967741935484,48.0969696969697,47.68125,47.8125,48.3241379310345,47.2733333333333,50.4318181818182,50.2481481481481,47.356,48.1642857142857,48.8772727272727,48.7615384615385,48.7708333333333,48.5740740740741,51.1366666666667,50.9090909090909,48.8081081081081,50.1461538461538,50.2620689655172,48,48.3064516129032,49.0815789473684,50.8594594594595,48.9342105263158,49.3238095238095,48.2477272727273,50.9243902439024,49.8729166666667,51.6547169811321,49.1277777777778,48.348,48.866,50.5541666666667,50.0108695652174,49.8063829787234,48.8333333333333,51.0571428571429,50.9977777777778,50.7375,51.5846153846154,51.2918918918919,NA
"20","MD",55.4641509433962,53.3625,54.2023255813953,53.9,51.5022222222222,53.6604166666667,54.9769230769231,52.4901960784314,54.4170212765957,54.2541666666667,54.0039215686274,55.4115384615385,53.8270833333333,56.5277777777778,53.525,54.5384615384615,53.4452830188679,51.5942307692308,53.8425531914894,55.06875,53.2553191489362,56.6070175438596,55.0846153846154,54.6380952380952,52.759649122807,54.675,52.6655737704918,54.5315789473684,54.2032786885246,54.7215384615385,55.5015873015873,56.4089552238806,55.425,55.2246753246753,54.1084507042254,53.8786666666667,54.1695652173913,54.9223684210526,55.820253164557,55.6710843373494,52.5843373493976,55.6166666666667,55.0392857142857,55.0741176470588,54.9629213483146,55.3263157894737,56.1,54.7576086956522,54.7942528735632,56.8760869565217,54.496875,55.3069444444444,55.6248226950355,56.843661971831,55.6028776978417,55.386301369863,55.1401459854015,55.9037593984962,53.286231884058,56.3633802816901,54.1559440559441,54.5962406015038,53.5916666666667,53.7008064516129,54.8645669291339,54.496,54.1102564102564,53.5128205128205,54.6725663716814,54.2540983606557,54.6798319327731,55.1852459016393,54.4151785714286,56.1202247191011,55.3160377358491,55.7358490566038,54.0851485148515,54.9968421052632,53.367032967033,54.0958333333333,54.5784946236559,54.2073684210526,54.5739130434783,55.0822916666667,54.8842696629213,55.5217391304348,55.3647727272727,55.2966292134831,54.3215909090909,54.2264367816092,57.320253164557,57.1059523809524,54.1102564102564,54.7802631578947,54.9146666666667,54.956,53.6373333333333,54.6325301204819,57.6434210526316,56.04,54.2064935064935,55.358904109589,56.4046511627907,53.9631578947368,55.1162162162162,55.5379310344828,56.7651162790698,55.7482352941176,55.137037037037,55.0045454545455,56.1089743589744,56.64,57.5470588235294,54.8558139534884,53.7047058823529,55.6048192771084,56.5075,56.4818181818182,56.1078947368421,56.7753246753247,57.0289473684211,57.1281690140845,56.2039473684211,57.537037037037,57.5191176470588,NA
"21","ME",43.9,43.84,43.95,43.375,39.9266666666667,41.8133333333333,43.1,41.8181818181818,44.2727272727273,43.46,43.9833333333333,44.0636363636364,43.1454545454545,45.5777777777778,41.4166666666667,44.9444444444444,43.27,39.9818181818182,42.4,44.1777777777778,42.9,44.2428571428571,42.7923076923077,41.8545454545455,41.8076923076923,42.6,40.6333333333333,43.7846153846154,42.3083333333333,42.8071428571429,44.0142857142857,44.8071428571429,44.3846153846154,44.0142857142857,42.6933333333333,42.2538461538462,42.74375,45.0823529411765,44.1882352941176,41.6222222222222,41.4,43.5333333333333,43.3761904761905,41.1047619047619,42.847619047619,43.1142857142857,43.3666666666667,43.5291666666667,42.6411764705882,44.82,42.9148148148148,43.4,44.5903225806452,45.6882352941176,43.0447368421053,43,41.9848484848485,43.4027027027027,41.8885714285714,43.0161290322581,43.4972222222222,43.1485714285714,40.7435897435897,41.1897435897436,41.9024390243902,40.945,42.9692307692308,41.1225,41.5707317073171,42.7166666666667,42.0105263157895,41.8909090909091,40.3666666666667,43.825,41.2028571428571,42.2026315789474,41.0029411764706,42.190625,40.8305555555556,43.2636363636364,41.0354838709677,43.3258064516129,41.1,43.86,42.9965517241379,41.851724137931,41.84,42.5939393939394,42.2861111111111,40.4388888888889,43.2975,43.3684210526316,41.002380952381,40.9954545454545,41.6697674418605,42.0135135135135,42.355,40.947619047619,44.3063829787234,44.4979166666667,41.5684210526316,43.4872340425532,42.6936170212766,41.29,41.452,42.7270833333333,44.8981481481481,41.8574074074074,42.6607843137255,42.082,45.6716981132075,43.9063492063492,45.2016393442623,43.1660714285714,42.4266666666667,42.5827586206897,44.5070175438596,43.9240740740741,43.3169811320755,42.3509090909091,44.9547169811321,45.6411764705882,44.7244897959184,45.9022727272727,46.1275,NA
"22","MI",47.1447368421053,45.7411764705882,46.278125,45.875,43.6518518518519,45.7967741935484,47.5911764705882,44.95625,47.6675,46.4243902439024,46.765625,47.4764705882353,44.6756756756757,47.9121951219512,46.2971428571429,46.6655172413793,46.1121212121212,42.6209302325581,45.9871794871795,47.1181818181818,45.8428571428571,49.8974358974359,47.3297872340426,45.6658536585366,43.769387755102,46.2755102040816,44.622,46.8957446808511,46.1333333333333,44.6981132075472,47.0737704918033,49.9412698412698,47.2523076923077,47.6328358208955,46.5924242424242,45.6705882352941,45.4625,46.3577464788732,48.1774193548387,47.5017543859649,45.072131147541,48.1,46.5456140350877,45.1177419354839,47.0953125,46.015,48.2118644067797,46.4581818181818,46.7946428571429,48.6118644067797,45.4059701492537,45.7484848484848,47.6171875,48.7887323943662,47.1757575757576,48.1352941176471,46.4712121212121,46.5467532467532,45.7845070422535,46.9142857142857,46.1132352941176,46.9780821917808,45.7518987341772,45.4933333333333,47.4305555555556,46.0527777777778,45.9539473684211,45.4,46.8702702702703,46.0141025641026,46.3971830985915,46.8642857142857,44.6527027027027,48.5149253731343,46.1716417910448,47.0698630136986,45.4588235294118,46.4169230769231,44.7970149253731,44.7898305084746,44.884375,46.1042253521127,45.6075757575758,46.865671641791,46.5568965517241,45.8732142857143,46.6446153846154,48.7851851851852,46.5327272727273,44.8464285714286,48.0322033898305,48.1216666666667,45.1983050847458,45.2639344262295,45.9206896551724,45.9730769230769,44.3555555555556,45.253125,49.7833333333333,47.7611940298507,46.4076923076923,48.2708333333333,47.1691358024691,45.4,45.9689655172414,47.3744444444444,48.5067961165049,47.4375,45.625,45.2327102803738,48.3135593220339,47.1266666666667,49.7949152542373,45.8174757281553,43.4033707865169,46.4767676767677,48.7,47.8567307692308,46.655,45.5575757575758,47.8362745098039,48.7053191489362,46.7666666666667,48.9336956521739,50.0954545454545,NA
"23","MN",44.02,42.3083333333333,42.5862068965517,40.5566666666667,40.2307692307692,41.2138888888889,42.3078947368421,40.1529411764706,43.1026315789474,41.2525,42.9818181818182,41.8133333333333,39.9113636363636,42.1021739130435,42.114,42.0192307692308,39.6586956521739,38.0333333333333,42.4736842105263,40.930612244898,41.6596153846154,44.774,43.0622222222222,42.522,39.49375,41.8863636363636,41.0519230769231,41.2714285714286,42.6018518518519,39.4433962264151,43.5980769230769,47.1724137931034,41.7607142857143,43.0634615384615,43.7178571428571,41.5611111111111,40.0275862068966,40.6153846153846,43.8982456140351,43.431884057971,41.7058823529412,44.4028985507246,42.8079365079365,41.0145161290323,43.20625,40.8642857142857,42.6042253521127,41.9098591549296,42.1521739130435,42.8328767123288,38.5472972972973,38.9766233766234,43.0636363636364,43.74875,43.1024691358025,41.9725,41.5961538461538,42.3168674698795,42.5940476190476,42.0586956521739,41.631,42.7948453608247,41.4484210526316,42.8047619047619,42.2098214285714,39.7045871559633,40.1761061946903,40.5508333333333,41.9882882882883,40.9931623931624,40.7677685950413,41.1692307692308,39.0592920353982,43.8084905660377,41.7637931034483,41.662962962963,41.9151515151515,42.7244897959184,40.5584269662921,39.3894736842105,42.2876288659794,44.0247524752475,40.4863157894737,42.5744680851064,42.6354838709677,40.2191489361702,43.0011494252874,46.4950617283951,43.3939024390244,40.9855555555556,44.1461538461538,43.1537037037037,42.4161904761905,40.5126213592233,42.5076923076923,42.0208333333333,39.118085106383,41.9063063063063,46.3233644859813,44.8646464646465,42.984693877551,43.7927083333333,43.0177083333333,42.2734042553192,41.9394495412844,43.3171171171171,44.7295081967213,43.1,40.075,40.9084745762712,43.2838235294118,42.4239130434783,45.8355072463768,39.8597014925373,39.0080291970803,43.8579710144928,45.2201550387597,43.2134920634921,41.1264957264957,39.7053435114504,42.8681818181818,44.420979020979,40.5702290076336,44.3387596899225,45.4838709677419,NA
"24","MO",55.5352941176471,56.1586206896552,54.6131578947368,53.5767441860465,53.1209302325581,53.5645833333333,54.6775510204082,54.928947368421,55.8955555555556,55.4847826086957,54.895652173913,56.6904761904762,53.5333333333333,56.5266666666667,55.9744186046512,54.6918367346939,54.8365853658537,52.44,55.4704545454545,55.4020833333333,54.336,58.253488372093,56.604347826087,55.2914893617021,53.0790697674419,55.5320754716981,54.6478260869565,55.82,55.1408163265306,53.7642857142857,55.944,58.1684210526316,55.7448979591837,57.5509090909091,57.641935483871,55.2175438596491,56.0610169491525,54.4770833333333,58.1424242424242,57.2606060606061,53.9704225352113,57.1314285714286,55.327397260274,54.775,55.6984126984127,54.4733333333333,57.8925373134328,55.255421686747,55.2,55.4024691358025,53.7978021978022,53.7328571428571,56.31,57.6511363636364,58.2735632183908,56.1288888888889,56.8202127659575,55.7210526315789,54.092,55.3336734693878,54.0947368421053,54.2241758241758,55.088679245283,55.3788617886179,56.0647058823529,55.9818965517241,54.3547826086957,54.7142857142857,54.1950495049505,54.4567307692308,55.0330434782609,55.7094017094017,54.6455357142857,56.057,55.0877358490566,55.3046728971963,54.1188118811881,55.5201834862385,53.289247311828,52.5515463917526,55.420202020202,55.4061855670103,54.1782608695652,54.3638888888889,54.7536231884058,53.2985074626866,56.1306666666667,56.3638888888889,54.6138888888889,53.4077922077922,56.5604651162791,56.3321428571429,54.7965909090909,53.3207792207792,55.1139240506329,54.3975609756098,53.11,53.6340909090909,57.2505154639175,56.3882978723404,55.2068965517241,55.8565217391304,55.425,54.5932584269663,55.0291666666667,56.418691588785,56.8039215686275,55.9058252427184,53.3596153846154,53.8935185185185,55.1470588235294,55.7433070866142,58.5008849557522,53.2436893203883,52.65,55.6481481481481,57.088,56.8956896551724,55.0185840707965,54.8855769230769,55.626,56.2223300970874,54.8103092783505,57.326213592233,58.1727272727273,NA
"25","MS",64.3888888888889,62.7,64.6421052631579,62.4645161290323,63.796,63.1074074074074,63.9416666666667,64.8535714285714,65.0647058823529,64.6481481481482,64.140625,66.0351351351351,62.7793103448276,64.4777777777778,63.7257142857143,63.9666666666667,64.2181818181818,62.84,64.8444444444444,65.0533333333333,63.8285714285714,66.9071428571429,66.0464285714286,64.9,63.8730769230769,65.9969696969697,64.325,66.875,64.4363636363636,64.4678571428571,64.7733333333333,65.3560975609756,65.1888888888889,67.0878787878788,65.6230769230769,65.075,64.8368421052632,64.71,66.2617647058824,65.6324324324324,62.3685714285714,65.2176470588235,64.259375,65.1925925925926,65.2571428571429,65.06,65.4,63.8571428571429,64.5790697674419,65.4564102564103,64.4782608695652,65.2156862745098,64.8018867924528,65.3222222222222,65.8660377358491,64.7734375,64.9539682539683,64.8492307692308,62.3412698412698,63.8573529411765,62.6771428571429,62.7314285714286,63.9909090909091,63.0253731343284,63.6228571428571,64.3223880597015,62.55625,63.1753846153846,61.8958904109589,62.7522388059702,63.0111111111111,64.1152777777778,64.0424657534247,64.18125,63.8444444444444,63.7909090909091,61.53125,63.6375,62.6140625,61.8106060606061,63.4394366197183,63.46875,64.1472727272727,61.7614035087719,63.4131147540984,63.2490566037736,64.3588235294118,63.6923076923077,62.9588235294118,62.4527272727273,65.2053571428571,64.4942307692308,62.5714285714286,62.45,63.608,63.777358490566,62.9869565217391,63.052380952381,65.525,64.9318181818182,63.9763157894737,63.648717948718,63.8177777777778,63.0824561403509,63.9448979591837,63.7423076923077,65.096875,64.9666666666667,63.5727272727273,63.8873015873016,63.5873015873016,64.241935483871,65.6435483870968,63.2631578947368,62.5016666666667,65.3345454545454,65.9875,66.18125,65.3297297297297,65.7125,65.8818181818182,65.18125,65.0368421052632,66.6806451612903,67.4333333333333,NA
"26","MT",44.53,43.6611111111111,42.1210526315789,41.9761904761905,43.7625,42.6739130434783,43.3285714285714,41.852,43.8214285714286,42.0692307692308,44.2769230769231,40.8108695652174,41.8964912280702,41.8094339622642,43.6742424242424,43.2714285714286,39.3222222222222,41.5262295081967,42.9846153846154,42.5096774193548,42.5672413793103,44.3174603174603,41.3630769230769,43.2594594594595,41.6242424242424,44.5356164383562,44.7676470588235,40.8189873417722,42.9805555555556,40.9848101265823,43.5631578947368,45.847619047619,42.7540229885057,44.0568421052632,46.8648351648352,42.4866666666667,42.7318681318681,42.0476744186047,44.3163265306122,45.2245098039216,44.4775510204082,44.756,42.9158415841584,42.9851063829787,43.1894230769231,42.5601851851852,44.00625,43.3772727272727,42.4096153846154,42.0390625,39.9897637795276,39.3263565891473,42.8547945205479,45.5993055555556,43.1848275862069,40.4177631578947,42.85,42.5756578947368,44.4539473684211,42.0643312101911,42.8963636363636,44.5382165605096,43.303488372093,44.5078313253012,42.3922619047619,41.878021978022,43.1101063829787,43.4366666666667,42.4826815642458,41.7698324022346,42.2988700564972,42.3101123595506,41.6242937853107,43.5535483870968,44.2981012658228,40.955,44.3924050632911,43.3098684210526,40.8875,41.8144,44.0348148148148,45.5626582278481,40.9848920863309,43.7305194805195,43.7629139072848,41.0326086956522,44.8737931034483,46.3876623376623,45.8233532934132,42.0563218390805,43.7027624309392,44.0662857142857,43.9980295566502,40.3768292682927,43.3029850746269,40.8565573770492,38.6765217391304,41.0327586206897,43.0540425531915,43.114979757085,41.710460251046,43.2372623574145,40.7988461538462,42.9692028985507,42.4537313432836,42.458844765343,43.6444055944056,43.5591836734694,40.8486394557823,40.8970198675497,41.4186666666667,41.0179153094463,43.8675675675676,42.1280821917808,41.5620338983051,44.3245733788396,43.9138408304498,42.5632508833922,41.4125,39.7228571428571,42.7007092198582,43.3144444444444,41.3138996138996,42.8603846153846,43.872373540856,NA
"27","NC",59.8086956521739,57.8166666666667,58.8052631578947,58.275,57.95,58.8787878787879,60.2575757575758,59.341935483871,59.4,59.4114285714286,57.9157894736842,60.5621621621622,58.575,59.8285714285714,58.4085106382979,58.7279069767442,58.8925,56.8733333333333,58.7395348837209,59.2666666666667,57.6102564102564,61.0128205128205,60.2277777777778,59.0342857142857,57.6342105263158,60.3129032258065,59.1324324324324,61.0461538461538,58.8744186046512,59.7305555555556,59.0795454545455,60.5355555555556,59.9938775510204,60.5795918367347,59.1946428571429,58.78,59.4185185185185,58.768,60.4155172413793,60.2819672131148,57.7465517241379,59.708064516129,58.7,58.965,58.4924242424242,59.4714285714286,60.545,57.7353846153846,59.5888888888889,60.4253333333333,59.1923076923077,58.6521126760563,59.3807228915663,59.8023529411765,59.1378048780488,59.0410526315789,59.6677419354839,59.5051546391753,57.0111111111111,59.4606060606061,57.3575471698113,58.2647619047619,57.7915094339623,57.1047169811321,58.3216981132075,58.3935779816514,57.0125,57.2320754716981,56.9247619047619,56.9736842105263,58.3705357142857,58.6263636363636,57.9718446601942,58.8385416666667,59.011,59.3333333333333,57.0893203883495,58.3349514563107,57.2705263157895,57.5907216494845,57.8309278350515,56.8247191011236,58.1871794871795,57.2691358024691,58.074358974359,58.5189189189189,59.1141176470588,58.0457831325301,56.9276315789474,57.6456790123457,60.3493670886076,59.7530120481928,57.9135802469136,58.7375,58.5078947368421,58.1467532467532,57.8828571428571,57.6647058823529,60.5204819277108,59.05,57.8134146341463,58.9093023255814,59.9162790697674,58.5808988764045,59.1927835051546,59.0523364485981,59.5862385321101,60.0654867256637,58.9380530973451,58.6370967741936,58.5828125,59.9194244604317,60.3160305343511,57.8690476190476,57.6640625,60.0208333333333,60.2253731343284,60.3190789473684,59.4533783783784,60.54,60.0816326530612,59.4891025641026,59.2096551724138,60.0692307692308,60.809022556391,NA
"28","ND",40.9470588235294,40.93,39.2857142857143,38.4666666666667,37.96,39.1230769230769,39.5764705882353,36.945,41.085,38.0888888888889,40.955,38.1086956521739,38.2,40.2233333333333,40.2516129032258,39.9216216216216,36.3785714285714,36.3142857142857,39.8727272727273,38.3606060606061,39.3606060606061,41.8139534883721,39.9,40.5463414634146,38.2194444444444,40.4975,40.4390243902439,37.9146341463415,41.11875,37.7434782608696,41.1928571428571,44.8489795918367,40.0236363636364,40.9509090909091,43.4936507936508,39.5285714285714,38.6766666666667,38.9746031746032,41.9123076923077,41.9597222222222,40.9144736842105,42.0906666666667,40.82625,39.7616438356164,41.1194444444444,38.9757575757576,40.8666666666667,40.1230769230769,39.8381818181818,39.9089743589744,35.6566265060241,36.3487804878049,41.2506329113924,42.4919540229885,41.4707865168539,39.3329545454545,39.616049382716,40.5477272727273,41.2247058823529,40.0297619047619,40.1172043010753,41.6083333333333,40.4480392156863,42.5740740740741,40.2411764705882,38.2419047619048,38.489,39.7745283018868,39.9890909090909,39.2040404040404,38.8939393939394,39.5050505050505,37.889247311828,42.0358024691358,40.2578313253012,39.7935064935065,41.7048780487805,41.5064935064935,38.7592105263158,37.4986111111111,41.5736842105263,43.6695652173913,38.3220338983051,41.3434782608696,41.0740740740741,38.4918032786885,41.940625,45.3222222222222,42.7641975308642,39.6977011494253,42.9880952380952,42.4894117647059,41.6197530864198,38.8238095238095,40.455421686747,40.0476744186047,36.9768292682927,41.0083333333333,43.5662790697674,43.2963414634146,41.3985714285714,42.3626865671642,41.1535211267606,40.755223880597,40.7446153846154,42.4529411764706,44.1072289156627,42.2059701492537,39.6986111111111,38.596,40.7492957746479,40.5918918918919,44.0338461538462,39.001724137931,39.2947368421053,43.5692307692308,44.5842857142857,42.1710144927536,40.0125,38.2903225806452,42.7451612903226,43.991935483871,39.6836734693878,42.243137254902,43.9596774193548,NA
"29","NE",51.502380952381,50.9307692307692,49.55,49.0538461538462,49.4888888888889,48.6684210526316,49.7622222222222,49.6025,51.021568627451,48.7826923076923,50.6730769230769,50.9122448979592,48.0528301886792,50.5806451612903,50.7563636363636,48.4947368421053,49.1603773584906,47.8875,50.0973684210526,49.2604166666667,49.4895833333333,52.7392857142857,51.0703703703704,50.2816326530612,47.32,50.7039215686275,50.9907407407407,49.6526315789474,50.415,48.4050847457627,50.9430769230769,53.2041666666667,49.4149253731343,52.5864864864865,53.7632352941176,50.7765625,50.4,49.5862068965517,52.8375,53.0970149253731,50.387323943662,51.6526315789474,50.1884615384615,50.6328767123288,49.6281690140845,49.4528571428571,52.2833333333333,50.295652173913,50.0059701492537,49.2975,47.9353658536585,47.4481927710843,50.3924050632911,52.0284090909091,52.4761363636364,50.0489130434783,51.0009708737864,49.83,49.5362637362637,49.6150537634409,48.3813725490196,49.109,49.5414141414141,51.4081081081081,49.9780952380952,49.0709401709402,48.7495652173913,49.2587719298246,49.2990990990991,48.5078260869565,49.4508064516129,49.1846153846154,48.4357798165138,49.8242718446602,50.2563636363636,48.905504587156,50.072641509434,50.9476635514019,47.0115789473684,47.4282828282828,50.4130434782609,51.3455445544554,48.0317647058824,48.7104166666667,49.0682352941176,47.4397849462366,51.0379310344828,51.5795454545455,50.3145631067961,48.5078260869565,50.6703389830508,50.6825688073395,49.5192307692308,46.5906542056075,49.6583333333333,49.1654867256637,47.1201834862385,49.1311926605505,51.1052631578947,51.3286956521739,50.3610619469027,50.7707070707071,50.37,50.125641025641,50.0631578947368,51.0522935779817,51.4801652892562,50.0260162601626,47.8173913043478,47.8676767676768,49.4294117647059,49.0055555555556,52.8428571428571,48.5946153846154,48.0364341085271,50.9338129496403,51.6983333333333,50.8648648648649,48.6081818181818,47.946,50.6401869158879,51.3245454545455,49.8857142857143,50.8663636363636,52.375,NA
"30","NH",44.38,43.7714285714286,44.25,44.3076923076923,41.5769230769231,43.6,45.0636363636364,43.1428571428571,45.4333333333333,44.6666666666667,44.75,44.9666666666667,43.8545454545455,46.4818181818182,43.5090909090909,45.8444444444444,43.6444444444444,41.7625,43.325,44.475,43.3571428571429,44.91,43.4,41.9857142857143,41.5875,43.7166666666667,41.47,44.4444444444444,44.6545454545455,44.725,45.44,45.5583333333333,44.6384615384615,43.7266666666667,42.5666666666667,42.7928571428571,43.3866666666667,44.9333333333333,45.1583333333333,42.8466666666667,42.1722222222222,44.85625,44.7705882352941,42.6647058823529,43.95,43.845,44.7444444444444,44.0833333333333,43.3928571428571,45.8416666666667,43.95,44.1807692307692,45.1,46.5241379310345,43.8461538461538,44.3692307692308,42.8107142857143,44.9233333333333,42.5742857142857,44.5551724137931,43.7392857142857,44.2310344827586,42.3375,43.225,43.55,43.0444444444444,43.6354838709677,42.85,43.0714285714286,44.2310344827586,43.7888888888889,43.2111111111111,41.8653846153846,45.4130434782609,43.3541666666667,44.1807692307692,42.6961538461538,43.7740740740741,41.812,44.4086956521739,42.3307692307692,43.9636363636364,42.6315789473684,44.7,44.288,43.2333333333333,43.937037037037,44.104,43.8230769230769,42.7083333333333,45.8545454545455,45.0739130434783,42.276,42.8681818181818,43.028,43.5961538461538,43.025,42.288,46.348,45.6814814814815,42.6285714285714,44.56,44.3153846153846,42.2380952380952,43.2620689655172,44.5068965517241,45.9821428571429,43.825,44.3806451612903,44.1166666666667,46.4333333333333,45.6615384615385,47.2914285714286,44.9305555555556,43.6685714285714,44.1828571428571,46.5944444444444,45.7,45.1829268292683,44.1459459459459,46.795,46.4526315789474,46.1675,47.5046511627907,47.9142857142857,NA
"31","NJ",53.8047619047619,51.73125,51.9736842105263,52.1052631578947,49.64375,51.145,52.8363636363636,50.195652173913,52.7,52.0727272727273,52.1142857142857,52.652380952381,51.2117647058824,54.0058823529412,51.0947368421053,52.235,51.55,49.6888888888889,51.9111111111111,52.9235294117647,51.2833333333333,54.4235294117647,52.55625,52.0888888888889,50.8,52.2428571428571,50.2133333333333,52,51.88125,52.4909090909091,53.1090909090909,54.525,53.3074074074074,53.1791666666667,51.637037037037,51.9652173913043,52.5464285714286,53.225,53.8166666666667,53.26,50.3321428571429,53.2965517241379,52.5178571428571,52.4037037037037,52.8466666666667,52.7689655172414,53.8741935483871,52.2647058823529,52.4857142857143,55.0525,52.1852941176471,53.2771428571429,53.6605263157895,54.4538461538462,53.0564102564103,53.1071428571429,52.1710526315789,53.3631578947368,50.8594594594595,53.7075,51.8365853658537,52.2578947368421,51.3214285714286,51.3461538461538,52.3918918918919,51.9342857142857,51.8818181818182,51.1390243902439,52.1171428571429,52.1675675675676,52.2948717948718,52.4878048780488,51.6075,54.0184210526316,52.727027027027,53.1111111111111,51.6342857142857,52.3388888888889,50.5911764705882,52.1057142857143,51.88125,51.8272727272727,52.0625,52.8566666666667,52.38,52.7125,52.6103448275862,52.4,51.89,51.6137931034483,54.4666666666667,54.4354838709677,51.4222222222222,52.5035714285714,52.4423076923077,52.4481481481481,51.9192307692308,52.7739130434783,55.7952380952381,54.2111111111111,52.3071428571429,53.3703703703704,54.1133333333333,51.5068965517241,53.25,53.6962962962963,55.1153846153846,53.4590909090909,53.704347826087,52.8521739130435,54.5363636363636,55.1045454545455,55.7428571428571,53.412,51.9666666666667,53.7625,54.4608695652174,54.1173913043478,53.736,53.8565217391304,54.8423076923077,54.8769230769231,54.3545454545455,55.2214285714286,55.504347826087,NA
"32","NM",54.8142857142857,54.5133333333333,54.5181818181818,52.42,52.825,52.4666666666667,52.9833333333333,53.3925925925926,53.684,53.84,54.5625,53.374358974359,50.5895833333333,51.5,52.8787878787879,51.8454545454545,52.9704918032787,52.955,51.9561403508772,51.6877192982456,52.4166666666667,53.9722222222222,53.7407407407407,52.195,52.458064516129,53.4969696969697,52.7320754716981,54.2446428571429,52.618,50.5607843137255,52.4931034482759,52.2563636363636,51.9271186440678,53.44375,55.6375,53.6567567567568,53.4484375,52.5566666666667,53.5301587301587,52.5763157894737,52.753164556962,52.9662337662338,52.4693333333333,53.9411764705882,51.8161616161616,52.3622222222222,54.0658536585366,53.2520833333333,52.644,53.4345238095238,56.1978947368421,54.9283018867925,53.7747663551402,54.520652173913,56.1543689320388,53.1982905982906,54.2355371900826,53.209243697479,53.5072072072072,53.1450819672131,52.6931623931624,52.009009009009,53.7366666666667,54.3974358974359,52.6241071428571,53.2770491803279,53.9628318584071,53.7941666666667,52.4809917355372,53.7661290322581,52.6681415929204,52.9696428571429,53.0756302521008,51.9583333333333,53.1177570093458,51.5484536082474,52.2797872340426,54.4773195876289,53.1045454545455,51.9977528089888,54.1685393258427,54.8294736842105,53.4891891891892,53.0061728395062,52.5168674698795,52.7333333333333,53.9346153846154,52.647619047619,52.7947916666667,53.6963636363636,52.2666666666667,51.8380530973451,51.4018691588785,53.13,53.6295454545455,52.6221052631579,53.5669902912621,51.435,52.1010416666667,52.0387755102041,52.7857142857143,52.089,52.1422680412371,53.4333333333333,51.7266666666667,53.1391304347826,52.340404040404,51.84,51.2956989247312,51.6797872340426,52.1663461538462,52.5728682170543,53.4094827586207,51.1886956521739,52.2436974789916,52.0824324324324,53.4615384615385,54.3976744186047,52.9225806451613,51.8010204081633,52.763,53.1258426966292,52.4493975903614,53.8127906976744,53.4407407407407,NA
"33","NV",50.1,48.9888888888889,48.8111111111111,47.84,49.2666666666667,48.0545454545455,48.4545454545455,48.8888888888889,49.67,49.1882352941176,50.4076923076923,47.8,48.5625,47.1833333333333,51.2,50.3866666666667,48.4470588235294,50,50.35625,49.6235294117647,50.53125,53.8736842105263,49.1,49.5833333333333,49.1625,50.4117647058824,53.1857142857143,50.4863636363636,51.044,50.85,50.208,51.9375,50.5961538461538,50.3166666666667,55.4034482758621,50.152,52.2266666666667,51.0166666666667,50.5307692307692,51.8382352941176,52.7805555555556,50.8918918918919,50.3558823529412,52.9658536585366,49.5605263157895,50.9051282051282,52.7384615384615,52.4685714285714,51.1411764705882,50.0552631578947,53.3909090909091,51.3021276595745,51.1977777777778,52.6434782608696,52.6466666666667,49.4844444444444,50.6,51.3116279069767,52.7489795918367,51.8571428571429,51.4759259259259,50.2263157894737,49.8327272727273,49.5318181818182,48.216,49.4,50.7905660377359,50.0557692307692,50.4581818181818,50.9666666666667,51.3578947368421,49.5050847457627,50.4288461538462,51.4340425531915,51.586,48.5311111111111,51.6173913043478,51.6176470588235,51.042,51.6877551020408,52.045652173913,54.1428571428571,49.9622641509434,51.3690909090909,50.575,50.3488372093023,51.9320754716981,51.953125,51.6073529411765,51.3042253521127,50.3876543209877,49.921,51.3653465346535,49.8362068965517,50.1833333333333,49.6194690265487,49.9224,49.1462962962963,48.3656862745098,49.4679611650485,49.2968421052632,49.3089285714286,49.3241071428571,50.9275862068965,48.968932038835,48.8888888888889,48.9688679245283,50.1823529411765,48.9453781512605,48.9203125,48.9411290322581,48.0472440944882,50.9746268656716,48.4254777070064,50.7006622516556,50.5025641025641,49.4738255033557,49.7539473684211,49.1436241610738,47.1532374100719,49.4970149253731,49.9392857142857,49.3803278688525,47.6198473282443,50.217037037037,NA
"34","NY",47.1823529411765,45.6208333333333,45.6941176470588,45.8181818181818,43.0114754098361,45.0745762711864,46.5258064516129,44.1528301886792,46.6965517241379,45.6952380952381,45.7983870967742,46.3409836065574,44.5203389830508,47.7,44.58,46.455737704918,45.4416666666667,43.1366666666667,46.4254901960784,47.2372549019608,45.6942307692308,49.1333333333333,47.1018867924528,45.3957446808511,44.4063829787234,46.1,44.2982142857143,47.0137931034483,46.5381818181818,46.3571428571429,47.8490196078431,48.7127272727273,47.508064516129,47.4707692307692,46.0152542372881,45.6033333333333,46.7728813559322,47.7344827586207,47.8898550724638,46.7867647058824,44.6805970149254,47.4917808219178,47.1067567567568,45.309756097561,46.5847058823529,46.4631578947368,47.8166666666667,46.8209302325581,46.8068493150685,49.1464646464646,46.2885416666667,46.8403846153846,47.8790909090909,49.0779661016949,47.2258620689655,47.5900900900901,45.9704761904762,47.3893805309734,45.0724770642202,47.411320754717,46.209900990099,46.5471698113208,45.0936936936937,45.0552631578947,46.8163636363636,45.5232142857143,46.1380530973451,45.6018018018018,45.6647619047619,45.8736842105263,45.7283185840708,46.127619047619,45.0158415841584,48.1631578947368,46.0412371134021,47.109375,44.5979797979798,46.1255813953488,44.4597826086957,46.071875,45.3317073170732,45.8717391304348,45.8012658227848,46.9552941176471,46.4827160493827,46.8,46.4518072289157,46.8658823529412,46.1411764705882,45.1440860215054,48.520652173913,48.5168674698795,45.0284090909091,45.4860215053763,45.4,46.4618421052632,45.5926829268293,45.148051948052,49.3964285714286,47.720987654321,45.9842105263158,47.7493506493506,47.9819277108434,45.5666666666667,46.5070422535211,47.492,48.9831325301205,46.9278481012658,47.1287671232877,46.0064935064935,48.3443181818182,47.8607476635514,49.7572727272727,46.462962962963,45.1989795918367,46.1685185185185,48.3742268041237,47.6870967741935,47.1588888888889,46.0760869565217,48.7272727272727,48.5705882352941,47.4265957446809,48.910752688172,49.7844444444444,NA
"35","OH",52.39,50.077358490566,50.4587301587302,50.7261538461538,48.6507246376812,50.1352941176471,51.6833333333333,49.7328358208955,52.0253731343284,50.8838235294118,50.2666666666667,52.6606060606061,49.3864406779661,52.2685185185185,50.7754098360656,50.725,51.046875,47.8164179104478,51.4203125,52.2610169491525,50.24,54.5126984126984,52.7253968253968,51.5031746031746,49.1842105263158,51.2803571428571,49.9709677419355,51.964406779661,51.0254901960784,50.3673076923077,52.3854838709677,54.1694915254237,52.5440677966102,53.3328125,52.3266666666667,51.4737704918033,51.6394366197183,51.1013698630137,53.6774647887324,53.0602941176471,50,52.8763157894737,51.873417721519,51.0426829268293,52.2321428571429,51.0120481927711,53.1904761904762,51.1046511627907,51.7521126760563,53.8102564102564,50.6486486486486,50.8795454545455,52.6252747252747,53.5086021505376,52.7990099009901,52.4489795918367,51.865306122449,51.8421568627451,49.478431372549,52.5418367346939,50.2934579439252,50.96,50.2287128712871,49.2740384615385,51.5814432989691,51.152427184466,49.9721649484536,50.2848484848485,50.501052631579,50.0183673469388,51.2610526315789,51.1364583333333,49.9134020618557,52.5443037974684,50.7010638297872,51.4404255319149,49.2732558139535,50.3042553191489,48.7670731707317,49.1475609756098,49.4920454545455,49.8975903614458,50.5878378378378,51.2194805194805,50.5,50.2527777777778,51.6057971014493,52.2386666666667,50.2171875,49.5194444444444,52.3955223880597,52.9410256410256,50.1848101265823,50.3693333333333,50.3597014925373,50.236,49.4144736842105,49.68625,53.9157303370786,52.0922222222222,50.4488636363636,52.0129411764706,52.1795454545455,49.9219512195122,50.9239436619718,51.4585365853659,52.4416666666667,52.0697368421053,50.4,50.4555555555556,51.62625,52.2506024096386,53.8460526315789,50.7463414634146,48.8733333333333,51.2337662337662,53.4573170731707,53.16625,52.2246753246753,52.3538461538462,52.9109756097561,53.12375,51.8051282051282,53.5102564102564,54.8438356164384,NA
"36","OK",60.4769230769231,60.578947368421,60.0789473684211,58.9136363636364,60.8761904761905,58.556,58.8157894736842,60.45,60.875,60.244,61.253125,61.6625,58.4483870967742,59.6342857142857,60.5128205128205,59.18125,60.26,59.0631578947368,60.274358974359,59.3333333333333,59.5611111111111,62.9222222222222,61.8030303030303,60.8175,59.1261904761905,61.86875,60.3692307692308,61.6395833333333,61.065,59.4909090909091,60.968085106383,62.1264150943396,60.6979591836735,63.2951219512195,63.2170212765957,60.6,61.7809523809524,60.2290909090909,62.5483333333333,62.7761194029851,59.3344827586207,61.0723076923077,60.1985294117647,61.3876712328767,60.8236559139785,59.8922077922078,62.4319444444444,60.2803921568627,59.4835616438356,59.5514705882353,60.0625,60.2488636363636,61.746511627907,62.3576086956522,63.80625,61.1784946236559,62.7141304347826,60.0849462365591,59.8316326530612,59.8912087912088,59.4735849056604,59.237037037037,60.6757009345794,61.8082568807339,61.1045871559633,61.45625,59.7148148148148,60.5126126126126,59.1971698113208,60.172972972973,60.3550847457627,60.4889830508475,60.1981981981982,60.081914893617,60.6196078431373,59.6551724137931,59.6469135802469,61.4294871794872,59.1548780487805,58.1636363636364,61.1422535211268,61.2106060606061,59.5954545454545,58.5380952380952,60.0890625,59.1507462686567,61.4727272727273,60.1794520547945,59.7758620689655,58.5654320987654,61.1654761904762,60.935,59.8585714285714,58.8075,60.272602739726,60.0493827160494,59.5537313432836,59.0657534246575,62.284,61.3553846153846,60.265,60.81,59.5344262295082,59.7394736842105,60.0243243243243,60.7256756756757,61.9458333333333,59.7484375,59.4596153846154,59.3014492753623,60.2739130434783,61.9319672131148,63.25,58.9965517241379,59.1098039215686,60.7972222222222,62.3077669902913,61.7981308411215,60.209900990099,59.8718446601942,60.6951923076923,60.7742857142857,61.2480392156863,61.9295918367347,63.2908163265306,NA
"37","OR",51.2318181818182,50.8666666666667,50.4703703703704,50.2655172413793,51.1027777777778,50.2658536585366,51.8666666666667,51.0166666666667,50.2590909090909,49.4030303030303,50.919512195122,48.8868421052632,48.9868421052632,49.0625,50.7955555555556,51.448,47.9339285714286,49.9703703703704,51.0333333333333,48.9927272727273,48.9679245283019,50.1779661016949,48.8272727272727,49.8203389830508,49.3510638297872,52.0636363636364,51.6339285714286,49.2847826086957,49.6932203389831,48.5492063492064,48.3815384615385,50.2767123287671,48.7847222222222,49.203488372093,52.8083333333333,48.3379746835443,50.1571428571429,48.8511627906977,49.9677419354839,51.1547368421053,51.4479591836735,50.5980769230769,49.0533333333333,48.8103773584906,48.8928571428571,49.5609090909091,49.1666666666667,50.6009090909091,47.8302631578947,48.6079207920792,49.2924731182796,49.222641509434,49.3359223300971,49.8769911504425,48.8363636363636,47.4257142857143,49.0344827586207,49.0651162790698,51.912,49.548031496063,49.3,50.0905109489051,49.01875,49.4297520661157,48.140157480315,49.6477272727273,49.8409090909091,50.4266666666667,50.01015625,49.0171428571429,49.2854304635762,48.4814569536424,48.8514285714286,50.1423076923077,49.8510791366907,48.6691780821918,49.2233576642336,49.8167938931298,49.6741935483871,49.8422764227642,49.9288,50.4053846153846,48.7940677966102,50.0709090909091,49.2359649122807,47.6214285714286,51.1228070175439,50.5148936170213,50.1443708609272,48.3269461077844,48.6036809815951,48.4248704663212,50.221164021164,48.2963302752294,48.6874371859296,47.8605504587156,47.2524444444444,47.0907172995781,47.2451882845188,46.6215139442231,46.970612244898,47.2642857142857,47.3625,48.6410852713178,48.4232931726908,47.3036144578313,47.6585152838428,47.4746153846154,46.37899543379,47.1646840148699,46.9197278911565,46.1895081967213,47.7279069767442,47.7116607773852,49.5474747474747,50.2956363636364,48.6903973509934,47.7507194244604,48.2958477508651,46.873381294964,48.6843866171004,48.8955390334572,48.2955882352941,48.2279850746269,49.4460869565217,NA
"38","PA",51.7405405405405,49.9275862068965,49.7735294117647,49.5739130434783,47.4304347826087,49.4636363636364,50.7744680851064,48.5583333333333,50.7777777777778,50.0195652173913,49.6209302325581,51.3913043478261,49.2686274509804,52.0152173913043,49.1711111111111,49.9411764705882,49.7125,47.5966666666667,50.2510204081633,51.2763636363636,49.2489795918367,53.4086206896552,51.7839285714286,50.4320754716981,48.8891304347826,50.687037037037,48.8861538461538,50.965625,50.3532258064516,50.5112676056338,51.3857142857143,52.6602739726027,51.692,51.9540540540541,50.613698630137,50.1985507246377,50.6985714285714,50.7972222222222,51.9472972972973,51.7173333333333,48.8954545454545,51.5631578947368,50.85,49.9811594202899,50.5682926829268,50.2477611940298,51.7653846153846,50.148051948052,50.4090909090909,52.4525773195876,49.484693877551,50.4144144144144,51.1460869565217,52.2594339622642,50.9336448598131,50.831,49.8079207920792,50.5417475728155,48.1909090909091,51.181914893617,49.1520408163265,49.9863157894737,48.6980392156863,48.2018867924528,49.718691588785,49.0669811320755,48.672972972973,48.7304347826087,48.9347368421053,49.1525773195876,49.4864077669903,49.7553398058252,48.6271739130435,50.8329268292683,49.5968085106383,50.2836956521739,48.4836956521739,49.3059523809524,47.8142857142857,48.885,48.5586206896552,48.6715909090909,49.0561643835616,49.9285714285714,49.4481481481481,49.785,49.95,50.1141025641026,48.8493670886076,48.27,51.7652777777778,51.7506666666667,48.6723076923077,49.2333333333333,49.089552238806,49.7352941176471,48.8123287671233,49.0911392405063,52.624,50.96,49.5266666666667,50.9098765432099,51.3153846153846,48.7866666666667,50.0433333333333,50.1509615384615,51.5148148148148,50.003738317757,49.506862745098,48.7522935779817,50.3521367521368,50.9926229508197,52.3767857142857,49.5650406504065,47.8116666666667,49.8115702479339,51.4362903225806,51.2491379310345,50.3285714285714,50.6583333333333,51.9594339622641,51.9333333333333,50.199,52.2039603960396,52.412,NA
"39","RI",50.575,48.7,49.125,49,45.7666666666667,47.7666666666667,49.1,47.0333333333333,49.1,49.7,49.9333333333333,50.06,48.6666666666667,49.65,48.675,49.0333333333333,49.3,45.4,49.25,48.6,48.2,51.95,50.25,47.6,47.6,50.55,46.8,49.4,49,49.4,51,51.8,50.95,50.25,49.25,49.75,49.9,51.35,49.5,48.85,46.7,48.9,48.3,47.8666666666667,49,49.1,49.1666666666667,49,48.9333333333333,52.5333333333333,49.8,51.1,51.275,51.55,49.7666666666667,49.5333333333333,49.05,50.4666666666667,48.0333333333333,50.6,48.8666666666667,49.3333333333333,47.6,49.1,49.0333333333333,48.9,49.3,48.65,49.6,49.4,48.3333333333333,49.2333333333333,48.0666666666667,51.85,50.1,50.1,48.4333333333333,49.4666666666667,47.5,49.9,48.8,49.2666666666667,49.2666666666667,50.9333333333333,50.2666666666667,49.5333333333333,49.2333333333333,49.3666666666667,49.3666666666667,48.9,52,51.8,48.8333333333333,49.7666666666667,49.9333333333333,50.2,49.3,49.6666666666667,52.3666666666667,52.0333333333333,49.775,51.5666666666667,51.425,49.1,48.8,49.7428571428571,51.5375,50.0857142857143,50.4,49.4625,51.725,51.4125,52.675,50.3857142857143,49.5,50.125,51.7714285714286,51.2875,51.45,50.6625,52.6444444444444,51.8571428571429,51.8571428571429,52.6333333333333,51.85,NA
"40","SC",62.8681818181818,61.2875,62.5714285714286,62.2181818181818,61.4315789473684,62.1272727272727,62.6761904761905,62.9153846153846,63.3375,62.8041666666667,61.995652173913,64.4666666666667,61.9809523809524,63.3227272727273,62.084,62.0727272727273,62.8782608695652,61.1464285714286,63.0380952380952,63.3636363636364,61.756,64.3333333333333,63.9421052631579,62.7684210526316,61.3,64,62.3238095238095,64.1052631578947,62.6526315789474,62.6157894736842,62.9285714285714,63.888,64.1703703703704,64.5964285714286,62.8538461538462,62.7,62.9869565217391,62.632,63.9633333333333,63.9857142857143,60.9868421052632,63.4764705882353,62.953488372093,62.5756756756757,62.9622222222222,64.0404761904762,64.2767441860465,62.1565217391304,63.1829268292683,63.9170731707317,62.7435897435897,62.6833333333333,62.9365853658537,63.6695652173913,63.3847826086957,63.1020833333333,63.178,63.169387755102,61.1890909090909,63.1363636363636,61.5754716981132,62.0086956521739,62.2549019607843,61.1566037735849,62.1362068965517,62.2793103448276,60.8881355932203,61.4672413793103,60.9314814814815,60.8301886792453,62.5270833333333,62.5178571428571,62.2888888888889,62.85,63.344,63.6583333333333,61.3018518518519,62.4943396226415,61.814,61.4065217391304,62.2787234042553,61.6472727272727,62.7450980392157,61.4705882352941,62.6111111111111,63.2912280701754,64.2074074074074,62.2890909090909,60.9433962264151,62.29,64.9637931034483,63.7458333333333,61.9541666666667,62.5723404255319,62.4136363636364,62.334693877551,61.5591836734694,61.4782608695652,64.1974358974359,62.8947368421053,61.78125,63.0358974358974,63.3697674418605,61.9051282051282,62.6225,62.3652173913043,62.7644444444444,63.8244897959184,62.276,61.7703703703704,62.1433333333333,63.2725806451613,64.0938461538462,61.8482142857143,61.2305084745763,63.5163636363636,64.2233333333333,64.1516129032258,63.2064516129032,64.0029850746269,63.5514705882353,62.65,62.7633802816901,63.5028169014085,63.8257575757576,NA
"41","SD",46.7,45.7769230769231,44.2857142857143,43.5571428571429,43.3703703703704,44.1233333333333,44.948,42.2222222222222,46.104347826087,43.6863636363636,45.9625,45.241935483871,43.6153846153846,45.5088235294118,46.0243902439024,43.6119047619048,42.6222222222222,41.7913043478261,44.9888888888889,44.2971428571429,44.9181818181818,48,45,46.1511627906977,43.6688888888889,46.2627906976744,46.5739130434783,44.1318181818182,46.3714285714286,43.5538461538462,46.884,50.13,45.4055555555556,48.1545454545455,49.7508771929825,46.2839285714286,44.8467741935484,44.5814814814815,47.8575757575758,48.3926470588235,46.0459016393443,47.9457142857143,45.9387096774194,45.6144927536232,45.3641791044776,44.7532258064516,46.9206349206349,45.6403225806452,45.4873015873016,45.3983870967742,41.7373134328358,42.08,45.8892307692308,47.2753246753247,47.2173333333333,45.5972972972973,45.6313253012048,45.3,46.1144736842105,45.5525,44.8923076923077,46.0843373493976,45.5534090909091,47.5659793814433,45.984375,44.7161904761905,44.5590476190476,45.4017543859649,45.4401869158878,44.7383177570093,44.9054545454545,45.007619047619,43.7242105263158,47.0211764705882,47.0881720430108,44.9326086956522,47.0583333333333,46.39375,43.1602564102564,43.5267441860465,47.020253164557,48.2957894736842,44.1342105263158,45.7767441860465,45.9833333333333,43.6782608695652,46.2358974358974,49.1397849462366,47.3472527472527,45.0081632653061,47.3224489795918,47.0091743119266,45.8533980582524,42.652,45.3533333333333,44.8079207920792,41.848,44.7508928571429,47.4130841121495,48.0791666666667,46.1723214285714,46.8081818181818,46.2485714285714,46.3358490566038,46.3679245283019,47.4421568627451,48.1049586776859,46.8754237288136,43.825,43.6140350877193,45.2279661016949,44.8616666666667,49.1785714285714,44.1793388429752,43.7408333333333,47.5206611570248,48.2726495726496,46.8126126126126,44.122641509434,42.4377358490566,46.5833333333333,47.8558558558559,45.1455357142857,46.7889908256881,48.3345454545455,NA
"42","TN",59.17,56.6363636363636,59.04,57.4333333333333,57.68,57.9130434782609,58.9352941176471,58.82,60.1736842105263,58.945,57.8192307692308,61.06,57.31,59.7484848484848,58.848275862069,58.341935483871,58.4964285714286,56.37,59.3,59.7206896551724,58.325,61.7142857142857,60.7,59.092,57.6409090909091,60.3625,58.5545454545455,60.4791666666667,57.76,58.5,59.6962962962963,60.8741935483871,60.01,61.0780487804878,60.1724137931035,59.5941176470588,59.8548387096774,58.865625,60.7138888888889,60.1472222222222,56.8891891891892,59.84,58.8138888888889,58.975,59.43,58.9871794871795,60.3333333333333,58.1707317073171,59.1514285714286,60.102,58.4163636363636,58.9153846153846,59.8461538461538,60.2,60.4333333333333,59.2058823529412,59.5571428571429,59.498275862069,56.6241935483871,58.7587301587302,56.6575757575758,57.5134328358209,57.9582089552239,56.6753086419753,58.0910256410256,58.4173333333333,56.7569620253165,57.1708860759494,56.4961038961039,56.6866666666667,57.512676056338,58.1565789473684,57.6328571428571,58.8151515151515,58.0266666666667,58.1828947368421,55.8066666666667,57.7471428571429,56.6367647058823,56.1903225806452,57.725,57.1641791044776,58.421568627451,57.2980392156863,58.054347826087,57.687037037037,59.4016393442623,58.8471698113208,57.3207547169811,56.9583333333333,59.6135135135135,59.0961038961039,57.3508196721311,57.5166666666667,57.6909090909091,57.5887096774194,56.4478260869565,56.7870967741936,59.9986301369863,59.206329113924,57.7910256410256,57.8539325842697,58.3865979381443,57.329347826087,58.2565656565657,58.5594059405941,58.8039215686275,59.7564102564103,57.5381443298969,57.4045045045045,58.0056603773585,58.7471153846154,60.2702479338843,56.7632075471698,56.3514285714286,58.7474226804124,60.138,59.5184782608696,58.7166666666667,59.6826923076923,58.8547169811321,58.5117647058823,58.0989130434783,59.3310344827586,60.1282051282051,NA
"43","TX",67.3736842105263,66.4727272727273,66.9382352941176,63.8133333333333,66.3842105263158,64.8209302325581,65.2395348837209,66.5428571428571,67.5058823529412,66.9327868852459,67.6232876712329,67.5205128205128,64.989156626506,64.946511627907,65.4093023255814,65.8345679012346,66.8513888888889,66.1048780487805,66.4155844155844,65.4095890410959,65.3796875,68.404347826087,67.0793650793651,66.7583333333333,65.3548780487805,67.5159090909091,65.6117647058824,67.925,65.9989473684211,65.7744444444444,65.9069306930693,66.31875,65.3452830188679,68.2087378640777,67.8939393939394,66.6788461538462,65.5408163265306,66.0314606741573,67.3036363636364,66.9824561403509,64.491935483871,65.4206106870229,65.7271317829457,66.18984375,65.975,66.5803149606299,66.9582677165354,66.3012345679012,66.2926829268293,65.7961038961039,67.0477272727273,66.8497354497354,66.4807291666667,67.3994791666667,68.4030769230769,66.7674757281553,67.311320754717,66.1504504504504,65.0703196347032,65.3053333333333,65.2004545454545,65.0123287671233,66.5701680672269,66.5667883211679,66.012213740458,66.1607638888889,64.596699669967,65.9258064516129,64.1212418300654,65.4753378378378,64.8100649350649,66.0940350877193,65.218275862069,64.4674897119341,65.2852713178295,64.4401606425703,63.5862903225806,66.0704980842912,64.7645569620253,63.702390438247,65.8697580645161,65.9465863453815,65.4004672897196,63.8847222222222,65.5874439461883,65.1414746543779,65.944347826087,64.1181818181818,64.6340248962656,64.1259689922481,65.9162790697674,64.9713740458015,64.7666666666667,64.4550607287449,65.3681451612903,65.3106995884774,65.4338582677165,63.9995867768595,66.761568627451,66.7230158730159,66.4322709163347,65.7619246861925,65.1912547528517,65.836186770428,65.5548736462094,66.4452961672474,67.6754266211604,65.4261904761905,65.9475352112676,66.5694545454545,65.2791666666667,67.5573573573574,67.9985754985755,65.3948275862069,64.7003144654088,66.0214511041009,67.2246056782334,67.3931034482759,66.1941368078176,66.1041009463722,66.7785714285714,66.256183745583,66.8167213114754,68.2861842105263,68.6482269503546,NA
"44","UT",49.3266666666667,50.2266666666667,47.2470588235294,46.0217391304348,48.568,48.0818181818182,48.18125,49.375,46.8421052631579,47.178947368421,49.5,46.9034482758621,45.3230769230769,47.4916666666667,49.115625,48.1785714285714,46.39375,46.2486486486486,48.2444444444444,46.8384615384615,47.2621621621622,49.6111111111111,47.5578947368421,47.1470588235294,47.1368421052632,49.0238095238095,49.8,48.8625,49.0035087719298,47.7707317073171,47.9142857142857,48.5339622641509,46.812,47.7461538461538,52.3792452830189,49.2096153846154,49.0763636363636,47.7720930232558,48.8413043478261,48.9019230769231,49.946511627907,47.7961538461538,47.7016949152542,49.4576923076923,46.3258620689655,48.0067796610169,48.3909090909091,48.3351851851852,47.0155172413793,46.8701492537313,49.2662162162162,48.587012987013,48.1352941176471,49.9914893617021,50.6477272727273,46.8317647058823,49.4129411764706,48.0053191489362,49.9532608695652,49.4587628865979,49.067,48.5228571428571,48.2544554455446,49.1908163265306,46.0172413793103,47.321875,49.2462962962963,48.4,47.4556603773585,48.9113043478261,48.4576271186441,47.35,48.9274509803922,47.4727272727273,48.4590476190476,46.5138888888889,48.2043859649123,49.5720720720721,48.5017857142857,47.4276785714286,49.2794871794872,50.6825396825397,47.5260869565217,48.4663865546218,46.6050847457627,47.0909090909091,49.8241666666667,48.8448529411765,49.1414285714286,48.9971631205674,49.7612903225806,47.5360294117647,49.628,47.5121495327103,50.6652892561983,49.1531746031746,49.8406896551724,47.948031496063,48.6359375,49.2242857142857,49.8772727272727,49.6603053435115,47.7127819548872,49.2457142857143,46.9820512820513,46.529012345679,46.2961111111111,46.6268656716418,44.3356020942408,44.6915422885572,44.7615023474178,44.4553278688525,47.3887966804979,44.1268595041322,45.9946768060837,46.5877394636015,46.169140625,46.5321705426357,46.017358490566,43.5677042801556,46.1256809338521,46.5660377358491,45.3524590163934,44.2328125,46.5854251012146,NA
"45","VA",57.3333333333333,54.2153846153846,54.9111111111111,54.6684210526316,53.4105263157895,54.4857142857143,56.0863636363636,53.84,54.8583333333333,54.9642857142857,54.175,56.9380952380952,54.735,57.304347826087,54.7,55.8263157894737,54.8894736842105,53.1173913043478,54.9761904761905,56.3576923076923,54.765,58.056,57.0458333333333,56.0689655172414,53.7652173913043,55.6333333333333,54.812,55.9961538461538,55.0411764705882,55.7173913043478,56.4846153846154,57.6958333333333,56.9966666666667,57.148275862069,56.1366666666667,55.23125,55.9166666666667,55.4258064516129,56.5823529411765,56.775,54.1184210526316,56.65,56.4236842105263,55.9292682926829,55.9304347826087,56.2863636363636,56.9933333333333,55.2541666666667,56.6674418604651,57.7953125,56.19,56.3698412698413,57.309375,58.212987012987,56.8388059701493,56.6128571428571,56.8171428571429,57.2381578947368,54.6225352112676,57.2822784810127,55.1266666666667,55.5746835443038,55.06625,54.3291139240506,55.80875,55.5917808219178,54.4684210526316,54.3987012987013,55.2044117647059,54.6146666666667,55.7,55.7746268656716,55.1264705882353,56.0870967741935,56.1079365079365,56.1611940298507,54.5070175438596,55.4160714285714,54.3112903225806,54.4439393939394,55.5963636363636,54.3838709677419,55.4587301587302,54.8888888888889,55.6698113207547,55.915,56.316,55.5905660377358,54.5018518518519,55.0240740740741,58.3148148148148,57.5150943396226,55.0884615384615,55.5921568627451,55.5705882352941,55.1271186440678,54.0741379310345,54.608064516129,57.3388888888889,55.9615384615385,54.456,55.6118421052632,56.4701298701299,54.4820512820513,55.5328947368421,56.2857142857143,56.5432098765432,56.833734939759,55.6465753424658,55.2870588235294,55.8461538461538,56.6857142857143,57.3797619047619,55.144578313253,54.4352272727273,56.4807228915663,57.2025,57.3785714285714,56.676,57.5681818181818,57.9907894736842,56.9885057471264,56.0573170731707,57.70375,58.0416666666667,NA
"46","VT",43.5727272727273,42.74,43.18,42.9545454545455,39.97,41.3888888888889,42.4571428571429,40.7142857142857,43.075,42.8777777777778,42.6888888888889,43.475,42.5625,45.3555555555556,41.3111111111111,44.6181818181818,42.3583333333333,39.8875,42.53,43.725,42.61,45.5444444444444,43.8428571428571,42.4875,41.5375,41.8333333333333,40.0428571428571,43.5714285714286,43.2769230769231,42.63,45.17,45.3777777777778,44.2727272727273,44.225,42.8285714285714,43.01875,43.4,44.7466666666667,44.825,43.0555555555556,41.89375,44.3,44.4285714285714,41.45,43.605,43.9523809523809,44.4444444444444,43.8222222222222,43.4846153846154,46.2411764705882,43.225,43.9352941176471,44.5777777777778,46.4590909090909,43.6823529411765,43.8857142857143,42.5631578947368,44.3789473684211,42.0052631578947,44.178947368421,43.3833333333333,43.6727272727273,41.5476190476191,42.055,43.3130434782609,42.5,43.1318181818182,42.7545454545455,42.8238095238095,42.7913043478261,42.3708333333333,42.5363636363636,41.6125,44.9052631578947,43.4631578947368,44.3,42.3428571428571,43.0666666666667,41.0909090909091,43.8333333333333,41.9,43.3,42.6238095238095,43.8714285714286,43.4222222222222,42.547619047619,42.965,43.16,42.9238095238095,41.7588235294118,44.85,44.1636363636364,41.9090909090909,41.5,41.9058823529412,43.8428571428571,42.9529411764706,41.6666666666667,45.9333333333333,45.605,42.665,44.704347826087,44.4611111111111,42.2727272727273,42.7285714285714,44.0913043478261,46.0444444444444,43.2692307692308,43.7918918918919,42.6871794871795,45.1634146341463,44.5051282051282,46.4435897435897,43.4540540540541,42.130303030303,42.953125,44.9,44.5862068965517,43.9741935483871,42.6423076923077,45.2121212121212,45.5466666666667,44.6384615384615,46.3538461538462,46.8913043478261,NA
"47","WA",50.2,48.7521739130435,48.596,47.808,49.31875,48.751724137931,49.9612903225806,48.7571428571429,49.0148148148148,48.3625,49.5945945945946,48.0243243243243,48.4777777777778,47.8428571428571,49.5418181818182,49.7483333333333,46.4084745762712,48.4967741935484,50.3964912280702,47.6803921568627,48.5269841269841,48.6772727272727,47.2933333333333,49.3734375,48.5189655172414,50.82,51.3112903225806,48.2212121212121,49.2068493150685,47.1819444444444,48.2298701298701,49.4823529411765,48.084,47.7741573033708,51.6941176470588,48.1975308641975,48.5602272727273,48.2945652173913,50.0166666666667,50.1893203883495,51.1372340425532,50.9840425531915,49.1505154639175,48.4463157894737,49.2443298969072,49.24875,48.7722891566265,50.0480519480519,47.3056338028169,47.889898989899,47.3990196078431,48.2594594594595,49.0385321100917,50.3827272727273,48.0185840707965,46.5268292682927,48.6025862068966,48.8716814159292,52.3459459459459,49.0513513513514,48.7373015873016,49.9984848484848,49.1340909090909,49.5897637795276,47.7690476190476,50.02,50.1837209302326,50.9255639097744,49.6664,48.6044776119403,48.8976377952756,48.5859504132231,48.1035398230089,49.421186440678,49.8306306306306,48.4088495575221,48.8137931034483,49.3313043478261,48.8442477876106,49.5640776699029,48.9067961165049,50.407,48.2,49.4870967741935,48.2534090909091,46.865306122449,50.094,50.8131313131313,49.9436363636364,48.6834862385321,48.3097345132743,48.0620967741935,49.704347826087,47.9212765957447,48.8864864864865,46.9247933884298,45.6524193548387,46.4515873015873,47.79453125,47.2888111888112,45.9428571428571,46.8411764705882,46.9985915492958,48.1151315789474,48.8958333333333,47.3316129032258,47.6537037037037,46.5471337579618,45.5627450980392,45.8198630136986,46.86,45.2574358974359,46.6845744680851,46.9134078212291,47.9703125,49.1919540229885,47.9408376963351,46.3929347826087,47.5769633507853,46.2117346938776,47.3913513513514,47.5702380952381,46.8503067484663,47.7841463414634,48.0558139534884,NA
"48","WI",45.4766666666667,44.7615384615385,45.1842105263158,43.555,42.5888888888889,43.2833333333333,45.1617647058824,42.9151515151515,45.4931034482759,43.6688888888889,44.7075,45.3725,41.8240740740741,44.7461538461538,44,43.6857142857143,42.5307692307692,39.7352941176471,44.05,44.3978260869565,43.33125,47.458,44.8821428571429,44.062962962963,41.5058823529412,43.5907407407407,42.4,43.5145454545455,44.3830188679245,42.0655172413793,45.140350877193,48.8084745762712,44.2925925925926,45.1126984126984,45.5257575757576,43.6983870967742,43.1,43.3484375,45.834328358209,45.8223880597015,43.6527027027027,46.7301369863014,44.9238805970149,43.6731343283582,46.0013888888889,43.7986666666667,46.273417721519,44.78,44.9824324324324,45.98375,42.017,42.178431372549,45.3230769230769,46.3169642857143,45.1339449541284,45.1019047619048,44.1663551401869,44.2830188679245,43.9943396226415,43.9897196261682,44.1256,44.8896551724138,43.5364406779661,43.8785123966942,45.4341666666667,43.3119658119658,43.3299145299145,42.9862903225806,44.9529411764706,43.3725806451613,43.7237288135593,43.8119658119658,41.7452991452991,45.9796460176991,43.7008928571429,44.2133333333333,42.8603603603604,44.2486725663717,42.3284403669725,41.9650943396226,43.7,44.7481818181818,42.990099009901,44.4857142857143,44.5362745098039,42.7294736842105,44.5666666666667,47.4072164948454,44.4875,42.0505376344086,45.5378640776699,44.7754901960784,43.64,42.7373913043478,43.7528301886792,43.6,41.4557692307692,43.4294642857143,48.0637931034483,46.0631147540984,44.37,45.9313043478261,45.4,43.7741935483871,44.301652892562,46.008,46.7034246575342,45.6411347517731,42.5277777777778,43.3,46.234756097561,45.0366863905325,48.1611111111111,42.7686274509804,41.2281045751634,45.5958083832335,47.1722222222222,45.8337837837838,44.2530201342282,43.21875,45.7421052631579,46.6052631578947,43.8554838709677,47.2013793103448,48.4211267605634,NA
"49","WV",54.18,52.3235294117647,53.1153846153846,52.7,51.2529411764706,52.7111111111111,54.4958333333333,52.1041666666667,53.8392857142857,53.1333333333333,52.556,54.564,51.859375,54.1,52.1,52.9185185185185,52.4923076923077,50.2318181818182,53.288,54.0346153846154,52,56.3466666666667,54.2333333333333,52.7310344827586,50.9035714285714,53.2333333333333,51.8275862068966,53.76,52.7678571428571,52.9928571428571,53.958064516129,55.0628571428571,53.9925,54.3853658536585,53.57,53.3105263157895,53.63,53.1793103448276,54.8547619047619,54.7512195121951,51.6666666666667,53.595,53.1409090909091,52.6883720930233,53.0891304347826,53.047619047619,54.525,52.7224489795918,53.4425,55.1666666666667,52.8070175438597,53.1754385964912,53.7782608695652,54.4850746268657,53.2149253731343,53.190625,52.9517857142857,53.5403225806452,50.3686567164179,53.428125,51.2140350877193,52.2446428571429,51.3984126984127,50.4430769230769,52.5657142857143,52.8230769230769,51.18,51.3971428571429,51.2590909090909,51.0602739726027,52.4739130434783,52.4264705882353,51.558064516129,53.7984126984127,52.7125,52.9984126984127,50.4444444444444,51.5338709677419,50.564406779661,50.6796296296296,50.6696428571429,49.7722222222222,52.0047619047619,51.4244897959184,52.1479166666667,52.2425531914894,52.8458333333333,52.243137254902,50.9395348837209,50.7869565217391,54.0901960784314,53.8196428571429,51.1285714285714,51.3786885245902,52.0705882352941,51.5339622641509,50.76,50.9446428571429,54.0140350877193,52.9983606557377,51.8089552238806,52.6741935483871,53.1253521126761,51.3212121212121,52.6758620689655,52.7486111111111,53.0971830985916,53.0245901639344,51.6236363636364,51.525,52.058064516129,53.1826086956522,53.988679245283,51.3636363636364,50.2473684210526,52.6204081632653,53.674,53.4547169811321,52.8943396226415,53.81875,53.4444444444444,53.2478260869565,52.3413043478261,53.9938775510204,55.3707317073171,NA
"50","WY",44.9888888888889,43.925,42.6692307692308,40.6111111111111,43.8125,41.5266666666667,41.28,42.5181818181818,41.5727272727273,41.9909090909091,43.5,39.2,37.8,40.8761904761905,42.9208333333333,41.528125,40.5958333333333,39.905,41.2736842105263,42.585,41.2619047619048,45.296,41.8413793103448,42.1766666666667,41.3542857142857,44.5815789473684,44.3314285714286,41.8117647058824,41.8942857142857,40.6108108108108,42.0685714285714,44.6222222222222,41,44.0604166666667,46.4489795918367,42.74,42.7042553191489,42.1959183673469,43.7039215686275,44.3188679245283,43.5884615384615,43.615,42.7297872340426,44.2511627906977,41.8416666666667,41.5666666666667,43.7869565217391,43.0933333333333,42.9708333333333,42.3657894736842,42.5116883116883,41.2454545454545,43.3392857142857,45.2607142857143,45.3909090909091,42.10625,43.5316455696203,42.7352272727273,44.9119047619048,42.8988888888889,43.3913043478261,43.5632183908046,43.3864197530864,45.0304761904762,42.1936170212766,42.5313725490196,43.8359649122807,43.3679611650485,42.362,43.708,43.184693877551,42.5795918367347,42.7505617977528,42.7070588235294,44.541975308642,41.8206896551724,43.8908045977011,44.46125,41.6263888888889,42.1585714285714,43.7103896103896,45.7595238095238,41.731884057971,43.3567164179104,42.4677419354839,41.3859375,44.4819672131148,44.8102941176471,44.5948051948052,42.2064516129032,42.5214285714286,41.7017391304348,42.2906542056075,39.1694117647059,41.3368,39.3459459459459,38.522695035461,38.5457142857143,39.7916083916084,40.9426666666667,40.4191082802548,41.1,39.0685897435897,40.9987421383648,40.4285714285714,40.5337748344371,40.8465838509317,41.4887640449438,38.521472392638,38.4275862068965,39.778488372093,38.8115384615385,42.3878947368421,39.6747422680412,39.9106951871658,42.2553398058252,41.928125,41.156345177665,40.3320652173913,38.5694300518135,40.7046875,41.395652173913,39.4027932960894,39.6738372093023,42.1301136363636,NA
